-- MySQL dump 10.13  Distrib 5.5.62, for debian-linux-gnu (x86_64)
--
-- Host: localhost    Database: cmu_web
-- ------------------------------------------------------
-- Server version	5.5.62-0ubuntu0.14.04.1

/*!40101 SET @OLD_CHARACTER_SET_CLIENT=@@CHARACTER_SET_CLIENT */;
/*!40101 SET @OLD_CHARACTER_SET_RESULTS=@@CHARACTER_SET_RESULTS */;
/*!40101 SET @OLD_COLLATION_CONNECTION=@@COLLATION_CONNECTION */;
/*!40101 SET NAMES utf8 */;
/*!40103 SET @OLD_TIME_ZONE=@@TIME_ZONE */;
/*!40103 SET TIME_ZONE='+00:00' */;
/*!40014 SET @OLD_UNIQUE_CHECKS=@@UNIQUE_CHECKS, UNIQUE_CHECKS=0 */;
/*!40014 SET @OLD_FOREIGN_KEY_CHECKS=@@FOREIGN_KEY_CHECKS, FOREIGN_KEY_CHECKS=0 */;
/*!40101 SET @OLD_SQL_MODE=@@SQL_MODE, SQL_MODE='NO_AUTO_VALUE_ON_ZERO' */;
/*!40111 SET @OLD_SQL_NOTES=@@SQL_NOTES, SQL_NOTES=0 */;

--
-- Table structure for table `bg_search`
--

DROP TABLE IF EXISTS `bg_search`;
/*!40101 SET @saved_cs_client     = @@character_set_client */;
/*!40101 SET character_set_client = utf8 */;
CREATE TABLE `bg_search` (
  `bg_id` int(11) unsigned NOT NULL AUTO_INCREMENT,
  `file_path` varchar(255) DEFAULT NULL,
  `file_name` text,
  `file_name_original` varchar(255) DEFAULT NULL,
  `time_upload` datetime DEFAULT NULL,
  PRIMARY KEY (`bg_id`)
) ENGINE=InnoDB DEFAULT CHARSET=utf8;
/*!40101 SET character_set_client = @saved_cs_client */;

--
-- Dumping data for table `bg_search`
--

LOCK TABLES `bg_search` WRITE;
/*!40000 ALTER TABLE `bg_search` DISABLE KEYS */;
/*!40000 ALTER TABLE `bg_search` ENABLE KEYS */;
UNLOCK TABLES;

--
-- Table structure for table `calendar`
--

DROP TABLE IF EXISTS `calendar`;
/*!40101 SET @saved_cs_client     = @@character_set_client */;
/*!40101 SET character_set_client = utf8 */;
CREATE TABLE `calendar` (
  `id` int(11) NOT NULL AUTO_INCREMENT,
  `title` varchar(250) DEFAULT NULL,
  `start` datetime DEFAULT NULL,
  `end` datetime DEFAULT NULL,
  `detail` text,
  `title_en` varchar(250) DEFAULT NULL,
  `detail_en` text,
  `calendar_group` int(11) DEFAULT NULL,
  `time_update` datetime DEFAULT NULL,
  PRIMARY KEY (`id`)
) ENGINE=InnoDB AUTO_INCREMENT=10 DEFAULT CHARSET=utf8;
/*!40101 SET character_set_client = @saved_cs_client */;

--
-- Dumping data for table `calendar`
--

LOCK TABLES `calendar` WRITE;
/*!40000 ALTER TABLE `calendar` DISABLE KEYS */;
INSERT INTO `calendar` VALUES (1,'ห้องสมุดคณะอุตสาหกรรมเกษตร จัดการอบรม 50 Minute Training @Agro-Industry Library ประจำเดือนมกราคม 2564','2021-01-20 09:00:00','2021-01-20 12:00:00','ห้องสมุดคณะอุตสาหกรรมเกษตร จัดการอบรมเพื่อพัฒนาทักษะในการสืบค้นสารสนเทศ ในกิจกรรม 50 Minute Training @Agro-Industry Library ประจำเดือนมกราคม 2564 ดังนี้\n        1. เคล็ด (ไม่) ลับ การเลือกวารสารเพื่อตีพิมพ์บทความวิชาการ/ผลงานวิจัย วันอังคารที่ 19 มกราคม 2564 เวลา 10.00 - 10.50 น.\n           - การตรวจสอบค่าJournal Metrics ต่าง ๆ รวมถึงการค้นหาค่า Impact Factor ค่า Quartile scores และ H-Index\n           - ตรวจสอบวารสารที่ต้องห้ามใน Beall\'s List และบัญชีสำนักพิมพ์\n           - แนะนำแหล่งตีพิพม์วารสาร\n\n       2. การจัดการเอกสารอ้างอิงในการเขียนผลงานวิจัยด้วยโปรแกรม EndnoteX9 (Basic EndnoteX9 (Windows) : A step-by-step tutorial in using the basics of EndNote X9) วันพุธที่ 20 มกราคม 2564 เวลา 10.00 - 10.50 น.\n\n       3. การสืบค้นผลงานวิจัยและผลงานวิชาการด้านอุตสาหกรรมเกษตร (How to Find Agro industry Research Reports)\nวันอังคารที่ 26 มกราคม 2564 เวลา 10.00 - 10.50 น.\n\n       ผู้สนใจสามารถลงทะเบียน ได้ที่ https://cmu.to/8gnwV','ห้องสมุดคณะอุตสาหกรรมเกษตร จัดการอบรม 50 Minute Training @Agro-Industry Library ประจำเดือนมกราคม 2564','ห้องสมุดคณะอุตสาหกรรมเกษตร จัดการอบรมเพื่อพัฒนาทักษะในการสืบค้นสารสนเทศ ในกิจกรรม 50 Minute Training @Agro-Industry Library ประจำเดือนมกราคม 2564 ดังนี้\n        1. เคล็ด (ไม่) ลับ การเลือกวารสารเพื่อตีพิมพ์บทความวิชาการ/ผลงานวิจัย วันอังคารที่ 19 มกราคม 2564 เวลา 10.00 - 10.50 น.\n           - การตรวจสอบค่าJournal Metrics ต่าง ๆ รวมถึงการค้นหาค่า Impact Factor ค่า Quartile scores และ H-Index\n           - ตรวจสอบวารสารที่ต้องห้ามใน Beall\'s List และบัญชีสำนักพิมพ์\n           - แนะนำแหล่งตีพิพม์วารสาร\n\n       2. การจัดการเอกสารอ้างอิงในการเขียนผลงานวิจัยด้วยโปรแกรม EndnoteX9 (Basic EndnoteX9 (Windows) : A step-by-step tutorial in using the basics of EndNote X9) วันพุธที่ 20 มกราคม 2564 เวลา 10.00 - 10.50 น.\n\n       3. การสืบค้นผลงานวิจัยและผลงานวิชาการด้านอุตสาหกรรมเกษตร (How to Find Agro industry Research Reports)\nวันอังคารที่ 26 มกราคม 2564 เวลา 10.00 - 10.50 น.\n\n       ผู้สนใจสามารถลงทะเบียน ได้ที่ https://cmu.to/8gnwV',2,NULL),(2,'มาตการช่วยเหลือสมาชิกห้องสมุด ในสถานการณ์เฝ้าระวังและป้องกันการแพร่ระบาดของโรคติดเชื้อไวรัสโคโรน่า 2019 (COVID-19)','2021-01-06 08:00:00','2021-01-06 18:00:00','สำนักหอสมุดกำหนดมาตการช่วยเหลือสมาชิกห้องสมุด ในสถานการณ์เฝ้าระวังและป้องกันการแพร่ระบาดของโรคติดเชื้อไวรัสโคโรน่า 2019 (COVID-19) ดังนี้\n\n     1. ขยายกำหนดวันคืนหนังสือให้สมาชิกทุกประเภท\nถึงวันที่ 25มกราคม 2564 (กรณีสมาชิกห้องสมุดมีกำหนดคืน หลังวันที่ 25 มกราคม 2564 ให้เป็นไปตามสิทธิการยืม)\n\n     2. งดเว้นค่าปรับเกินกำหนดส่งของวันที่ 2 - 24 มกราคม 2564','มาตการช่วยเหลือสมาชิกห้องสมุด ในสถานการณ์เฝ้าระวังและป้องกันการแพร่ระบาดของโรคติดเชื้อไวรัสโคโรน่า 2019 (COVID-19)','สำนักหอสมุดกำหนดมาตการช่วยเหลือสมาชิกห้องสมุด ในสถานการณ์เฝ้าระวังและป้องกันการแพร่ระบาดของโรคติดเชื้อไวรัสโคโรน่า 2019 (COVID-19) ดังนี้\n\n     1. ขยายกำหนดวันคืนหนังสือให้สมาชิกทุกประเภท\nถึงวันที่ 25มกราคม 2564 (กรณีสมาชิกห้องสมุดมีกำหนดคืน หลังวันที่ 25 มกราคม 2564 ให้เป็นไปตามสิทธิการยืม)\n\n     2. งดเว้นค่าปรับเกินกำหนดส่งของวันที่ 2 - 24 มกราคม 2564',2,NULL),(3,'รับสมัครบัณฑิตระดับปริญญาโท-เอก คณะการสื่อสารมวลชน พร้อมโอกาสรับทุนการศึกษาตลอดหลักสูตร* หมดเขต 25 เมษายน 2564 นี้','2021-01-01 08:00:00','2021-01-01 18:00:00','รับสมัครบัณฑิตระดับปริญญาโท-เอก คณะการสื่อสารมวลชน พร้อมโอกาสรับทุนการศึกษาตลอดหลักสูตร*\nหมดเขต 25 เมษายน 2564 นี้\n\nคณะการสื่อสารมวลชน มหาวิทยาลัยเชียงใหม่ เปิดรับสมัครผู้สนใจเข้าศึกษาระดับบัณฑิตศึกษา\nภาคเรียนที่ 1 ปีการศึกษา 2564 จำนวน 2 หลักสูตร ดังนี้\n\n1) หลักสูตรระดับปริญญาโท สาขาวิชาการสื่อสารบูรณาการ\nกลุ่มวิชาเอก\n- การสื่อสารศึกษา แบบ 2 (แผน ก แบบ ก2) ภาคพิเศษ เรียนวันเสาร์-อาทิตย์\n- การสื่อสารการตลาด แบบ 3 (แผน ข) ภาคพิเศษ เรียนวันเสาร์-อาทิตย์\n\n2) หลักสูตรระดับปริญญาเอก สาขาวิชาการสื่อสารบูรณาการ แบบ\n1.1 (by Thesis) ภาคปกติ เรียนวันจันทร์-ศุกร์แบบ\n2.1 (Coursework Thesis) ภาคปกติ เรียนวันจันทร์-ศุกร์\nดูข้อมูลหลักสูตรได้ที่เว็บไซต์ www.masscomm.cmu.ac.th\n\nสมัครเข้าศึกษาทางเว็บไซต์บัณฑิตวิทยาลัย มหาวิทยาลัยเชียงใหม่\n> https://www.grad.cmu.ac.th/grad_wp2/\nตั้งแต่วันนี้ - 25 เมษายน 2564\n\n*มหาวิทยาลัยเชียงใหม่ประกาศให้ทุนการศึกษาในระดับบัณฑิตศึกษา : ทุนอธิการบดี (Presidential Scholarship) ผู้สมัครสามารถสมัครเพื่อชิงทุนการศึกษาตลอดหลักสูตร ดูรายละเอียดได้ที่ www.masscomm.cmu.ac.th\n\nสอบถามเพิ่มเติม\nFacebook Fanpage: คณะการสื่อสารมวลชน มหาวิทยาลัยเชียงใหม่\nอีเมล masscomm@cmu.ac.th\nโทร 0 5394 2705 ต่อ 111\nข้อมูลโดย : คณะการสื่อสารมวลชน','รับสมัครบัณฑิตระดับปริญญาโท-เอก คณะการสื่อสารมวลชน พร้อมโอกาสรับทุนการศึกษาตลอดหลักสูตร* หมดเขต 25 เมษายน 2564 นี้','รับสมัครบัณฑิตระดับปริญญาโท-เอก คณะการสื่อสารมวลชน พร้อมโอกาสรับทุนการศึกษาตลอดหลักสูตร*\nหมดเขต 25 เมษายน 2564 นี้\n\nคณะการสื่อสารมวลชน มหาวิทยาลัยเชียงใหม่ เปิดรับสมัครผู้สนใจเข้าศึกษาระดับบัณฑิตศึกษา\nภาคเรียนที่ 1 ปีการศึกษา 2564 จำนวน 2 หลักสูตร ดังนี้\n\n1) หลักสูตรระดับปริญญาโท สาขาวิชาการสื่อสารบูรณาการ\nกลุ่มวิชาเอก\n- การสื่อสารศึกษา แบบ 2 (แผน ก แบบ ก2) ภาคพิเศษ เรียนวันเสาร์-อาทิตย์\n- การสื่อสารการตลาด แบบ 3 (แผน ข) ภาคพิเศษ เรียนวันเสาร์-อาทิตย์\n\n2) หลักสูตรระดับปริญญาเอก สาขาวิชาการสื่อสารบูรณาการ แบบ\n1.1 (by Thesis) ภาคปกติ เรียนวันจันทร์-ศุกร์แบบ\n2.1 (Coursework Thesis) ภาคปกติ เรียนวันจันทร์-ศุกร์\nดูข้อมูลหลักสูตรได้ที่เว็บไซต์ www.masscomm.cmu.ac.th\n\nสมัครเข้าศึกษาทางเว็บไซต์บัณฑิตวิทยาลัย มหาวิทยาลัยเชียงใหม่\n> https://www.grad.cmu.ac.th/grad_wp2/\nตั้งแต่วันนี้ - 25 เมษายน 2564\n\n*มหาวิทยาลัยเชียงใหม่ประกาศให้ทุนการศึกษาในระดับบัณฑิตศึกษา : ทุนอธิการบดี (Presidential Scholarship) ผู้สมัครสามารถสมัครเพื่อชิงทุนการศึกษาตลอดหลักสูตร ดูรายละเอียดได้ที่ www.masscomm.cmu.ac.th\n\nสอบถามเพิ่มเติม\nFacebook Fanpage: คณะการสื่อสารมวลชน มหาวิทยาลัยเชียงใหม่\nอีเมล masscomm@cmu.ac.th\nโทร 0 5394 2705 ต่อ 111\nข้อมูลโดย : คณะการสื่อสารมวลชน',1,NULL),(4,'มช. รับสมัคร TCAS รอบที่ 1 ถึง 21 มกราคมนี้','2021-01-07 08:00:00','2021-01-07 19:00:00','มหาวิทยาลัยเชียงใหม่ เปิดรับสมัครคัดเลือกบุคคลเข้าศึกษาใน TCAS รอบที่ แบบที่ 1 แฟ้มสะสมผลงาน Portfolio ระดับปริญญาตรี ปีการศึกษา 2564 เพื่อส่งเสริมและกระจายโอกาสทางการศึกษาให้นักเรียนระดับมัธยมศึกษาตอนปลายทั่วประเทศ ได้เข้าศึกษาต่อในมหาวิทยาลัยเชียงใหม่\n\nในปีการศึกษา 2564 เปิดรับสมัคร TCAS รอบที่ แบบที่ 1 รับสมัครนักเรียนทั่วประเทศที่มีความสามารถพิเศษ ตามคุณสมบัติที่คณะ/สาขาวิชากำหนด โดยแบ่งโครงการที่รับสมัครเป็น 2 ประเภท คือ โครงการที่ดำเนินการโดยสำนักทะเบียนและประมวลผล ประกอบด้วย การรับด้วยแฟ้มสะสมผลงาน และโครงการพิเศษ รับสมัครในวันที่ 6-21 มกราคม 2564 ส่วนโครงการที่ดำเนินการโดยคณะ ดูรายละเอียดการรับสมัครได้ทางเว็บไซต์ของคณะ \n\nผู้สมัครต้องตรวจคุณสมบัติทั่วไปและคุณสมบัติเฉพาะของแต่ละโครงการตามที่ระบุไว้ และสามารถเลือกสมัครได้เพียง 1 อันดับการเลือก (1 รหัส-คณะ-สาขาวิชา) ยกเว้นการรับนักกีฬาที่มีความสามารถดีเด่นระดับนานาชาติ/ระดับชาติ และนักกีฬาตามยุทธศาสตร์เลือกได้ 2 อันดับการเลือก (2 รหัส-คณะ-สาขาวิชา ที่เปิดรับการรับนักกีฬาที่มีความสามารถดีเด่นระดับนานาชาติ/ระดับชาติ และนักกีฬาตามยุทธศาสตร์) \n\nผู้สนใจสามารถดูรายละเอียดคุณสมบัติการรับสมัครได้ทางเว็บไซต์ http://www1.reg.cmu.ac.th/ugradapply หรือสอบถามข้อมูลเพิ่มเติมได้ที่ ฝ่ายรับเข้าศึกษาและบริหารหลักสูตร สำนักทะเบียนและประมวลผล โทร. 0 5394 8915-19\n\nคู่มือการใช้งานระบบรับสมัคร คลิกที่นี่','มช. รับสมัคร TCAS รอบที่ 1 ถึง 21 มกราคมนี้','มหาวิทยาลัยเชียงใหม่ เปิดรับสมัครคัดเลือกบุคคลเข้าศึกษาใน TCAS รอบที่ แบบที่ 1 แฟ้มสะสมผลงาน Portfolio ระดับปริญญาตรี ปีการศึกษา 2564 เพื่อส่งเสริมและกระจายโอกาสทางการศึกษาให้นักเรียนระดับมัธยมศึกษาตอนปลายทั่วประเทศ ได้เข้าศึกษาต่อในมหาวิทยาลัยเชียงใหม่\n\nในปีการศึกษา 2564 เปิดรับสมัคร TCAS รอบที่ แบบที่ 1 รับสมัครนักเรียนทั่วประเทศที่มีความสามารถพิเศษ ตามคุณสมบัติที่คณะ/สาขาวิชากำหนด โดยแบ่งโครงการที่รับสมัครเป็น 2 ประเภท คือ โครงการที่ดำเนินการโดยสำนักทะเบียนและประมวลผล ประกอบด้วย การรับด้วยแฟ้มสะสมผลงาน และโครงการพิเศษ รับสมัครในวันที่ 6-21 มกราคม 2564 ส่วนโครงการที่ดำเนินการโดยคณะ ดูรายละเอียดการรับสมัครได้ทางเว็บไซต์ของคณะ \n\nผู้สมัครต้องตรวจคุณสมบัติทั่วไปและคุณสมบัติเฉพาะของแต่ละโครงการตามที่ระบุไว้ และสามารถเลือกสมัครได้เพียง 1 อันดับการเลือก (1 รหัส-คณะ-สาขาวิชา) ยกเว้นการรับนักกีฬาที่มีความสามารถดีเด่นระดับนานาชาติ/ระดับชาติ และนักกีฬาตามยุทธศาสตร์เลือกได้ 2 อันดับการเลือก (2 รหัส-คณะ-สาขาวิชา ที่เปิดรับการรับนักกีฬาที่มีความสามารถดีเด่นระดับนานาชาติ/ระดับชาติ และนักกีฬาตามยุทธศาสตร์) \n\nผู้สนใจสามารถดูรายละเอียดคุณสมบัติการรับสมัครได้ทางเว็บไซต์ http://www1.reg.cmu.ac.th/ugradapply หรือสอบถามข้อมูลเพิ่มเติมได้ที่ ฝ่ายรับเข้าศึกษาและบริหารหลักสูตร สำนักทะเบียนและประมวลผล โทร. 0 5394 8915-19\n\nคู่มือการใช้งานระบบรับสมัคร คลิกที่นี่',1,NULL),(5,'safas','2021-01-31 00:00:00','2021-02-09 00:00:00','','333','',1,'2021-02-20 15:22:46'),(6,'222','2021-02-17 00:00:00','2021-02-18 00:00:00','','24','',2,'2021-02-20 15:22:36'),(8,'fff','2021-02-24 00:00:00','2021-02-24 20:00:00','','','',1,'2021-02-20 15:32:26'),(9,'aasfsa','2021-02-25 00:00:00','2021-02-25 00:00:00','','','',1,'2021-02-20 15:32:36');
/*!40000 ALTER TABLE `calendar` ENABLE KEYS */;
UNLOCK TABLES;

--
-- Table structure for table `calendar_group`
--

DROP TABLE IF EXISTS `calendar_group`;
/*!40101 SET @saved_cs_client     = @@character_set_client */;
/*!40101 SET character_set_client = utf8 */;
CREATE TABLE `calendar_group` (
  `cg_id` int(11) unsigned NOT NULL AUTO_INCREMENT,
  `cg_name` varchar(255) DEFAULT NULL,
  `cg_name_en` varchar(255) DEFAULT NULL,
  `cg_color` varchar(255) DEFAULT NULL,
  PRIMARY KEY (`cg_id`)
) ENGINE=InnoDB AUTO_INCREMENT=3 DEFAULT CHARSET=utf8;
/*!40101 SET character_set_client = @saved_cs_client */;

--
-- Dumping data for table `calendar_group`
--

LOCK TABLES `calendar_group` WRITE;
/*!40000 ALTER TABLE `calendar_group` DISABLE KEYS */;
INSERT INTO `calendar_group` VALUES (1,'กิจกรรมของมหาวิทยาลัย','กิจกรรมของมหาวิทยาลัย','#9a76b2'),(2,'กิจกรรมของห้องสมุด','กิจกรรมของห้องสมุด','#e490bd');
/*!40000 ALTER TABLE `calendar_group` ENABLE KEYS */;
UNLOCK TABLES;

--
-- Table structure for table `category_news`
--

DROP TABLE IF EXISTS `category_news`;
/*!40101 SET @saved_cs_client     = @@character_set_client */;
/*!40101 SET character_set_client = utf8 */;
CREATE TABLE `category_news` (
  `category_id` int(11) unsigned NOT NULL AUTO_INCREMENT,
  `category_name` varchar(255) DEFAULT NULL,
  `category_name_en` varchar(255) DEFAULT NULL,
  `s_order` int(11) DEFAULT NULL,
  PRIMARY KEY (`category_id`)
) ENGINE=InnoDB AUTO_INCREMENT=3 DEFAULT CHARSET=utf8;
/*!40101 SET character_set_client = @saved_cs_client */;

--
-- Dumping data for table `category_news`
--

LOCK TABLES `category_news` WRITE;
/*!40000 ALTER TABLE `category_news` DISABLE KEYS */;
INSERT INTO `category_news` VALUES (1,'ข่าวประชาสัมพันธ์','public relations',NULL),(2,'ข่าวจัดซื้อจัดจ้าง','procure',NULL);
/*!40000 ALTER TABLE `category_news` ENABLE KEYS */;
UNLOCK TABLES;

--
-- Table structure for table `cookie_text`
--

DROP TABLE IF EXISTS `cookie_text`;
/*!40101 SET @saved_cs_client     = @@character_set_client */;
/*!40101 SET character_set_client = utf8 */;
CREATE TABLE `cookie_text` (
  `id` int(11) NOT NULL AUTO_INCREMENT,
  `detail` text,
  `detail_en` text,
  `time_create` datetime DEFAULT NULL,
  `show_status` int(1) DEFAULT '1',
  PRIMARY KEY (`id`)
) ENGINE=InnoDB DEFAULT CHARSET=utf8;
/*!40101 SET character_set_client = @saved_cs_client */;

--
-- Dumping data for table `cookie_text`
--

LOCK TABLES `cookie_text` WRITE;
/*!40000 ALTER TABLE `cookie_text` DISABLE KEYS */;
/*!40000 ALTER TABLE `cookie_text` ENABLE KEYS */;
UNLOCK TABLES;

--
-- Table structure for table `counter_main`
--

DROP TABLE IF EXISTS `counter_main`;
/*!40101 SET @saved_cs_client     = @@character_set_client */;
/*!40101 SET character_set_client = utf8 */;
CREATE TABLE `counter_main` (
  `c_date` date NOT NULL,
  `num` int(11) DEFAULT NULL,
  PRIMARY KEY (`c_date`)
) ENGINE=InnoDB DEFAULT CHARSET=utf8;
/*!40101 SET character_set_client = @saved_cs_client */;

--
-- Dumping data for table `counter_main`
--

LOCK TABLES `counter_main` WRITE;
/*!40000 ALTER TABLE `counter_main` DISABLE KEYS */;
INSERT INTO `counter_main` VALUES ('2021-01-08',3),('2021-01-11',1),('2021-01-13',12),('2021-01-14',1),('2021-01-16',8),('2021-01-18',2),('2021-01-19',18),('2021-01-20',92),('2021-01-21',1),('2021-01-29',1),('2021-02-01',5),('2021-02-02',5),('2021-02-03',1),('2021-02-08',1),('2021-02-10',2),('2021-02-16',2),('2021-02-20',10),('2021-02-23',2),('2021-02-24',1),('2021-02-25',1),('2021-03-08',2);
/*!40000 ALTER TABLE `counter_main` ENABLE KEYS */;
UNLOCK TABLES;

--
-- Table structure for table `counter_page_info`
--

DROP TABLE IF EXISTS `counter_page_info`;
/*!40101 SET @saved_cs_client     = @@character_set_client */;
/*!40101 SET character_set_client = utf8 */;
CREATE TABLE `counter_page_info` (
  `c_date` date NOT NULL,
  `type` varchar(255) NOT NULL DEFAULT '',
  `record_id` int(11) NOT NULL DEFAULT '0',
  `site_id` int(11) NOT NULL DEFAULT '0',
  `num` int(11) DEFAULT NULL,
  PRIMARY KEY (`c_date`,`type`,`record_id`,`site_id`)
) ENGINE=InnoDB DEFAULT CHARSET=utf8;
/*!40101 SET character_set_client = @saved_cs_client */;

--
-- Dumping data for table `counter_page_info`
--

LOCK TABLES `counter_page_info` WRITE;
/*!40000 ALTER TABLE `counter_page_info` DISABLE KEYS */;
INSERT INTO `counter_page_info` VALUES ('2021-02-20','news',1,0,1),('2021-02-20','news',2,0,2),('2021-02-23','calendar',5,0,1),('2021-02-23','calendar',6,0,1),('2021-02-23','calendar',9,0,1),('2021-02-24','news',3,0,1);
/*!40000 ALTER TABLE `counter_page_info` ENABLE KEYS */;
UNLOCK TABLES;

--
-- Table structure for table `counter_page_info_all`
--

DROP TABLE IF EXISTS `counter_page_info_all`;
/*!40101 SET @saved_cs_client     = @@character_set_client */;
/*!40101 SET character_set_client = utf8 */;
CREATE TABLE `counter_page_info_all` (
  `record_id` int(11) NOT NULL DEFAULT '0',
  `type` varchar(255) NOT NULL DEFAULT '',
  `site_id` int(11) NOT NULL DEFAULT '0',
  `num` int(11) DEFAULT NULL,
  PRIMARY KEY (`record_id`,`site_id`,`type`)
) ENGINE=InnoDB DEFAULT CHARSET=utf8;
/*!40101 SET character_set_client = @saved_cs_client */;

--
-- Dumping data for table `counter_page_info_all`
--

LOCK TABLES `counter_page_info_all` WRITE;
/*!40000 ALTER TABLE `counter_page_info_all` DISABLE KEYS */;
INSERT INTO `counter_page_info_all` VALUES (1,'news',0,1),(2,'news',0,2),(3,'news',0,1),(5,'calendar',0,1),(6,'calendar',0,1),(9,'calendar',0,1);
/*!40000 ALTER TABLE `counter_page_info_all` ENABLE KEYS */;
UNLOCK TABLES;

--
-- Table structure for table `es_index_field`
--

DROP TABLE IF EXISTS `es_index_field`;
/*!40101 SET @saved_cs_client     = @@character_set_client */;
/*!40101 SET character_set_client = utf8 */;
CREATE TABLE `es_index_field` (
  `es_id` int(11) NOT NULL AUTO_INCREMENT,
  `es_fld_name` varchar(255) NOT NULL,
  `es_type_id` int(11) NOT NULL,
  `field_match` varchar(255) NOT NULL COMMENT 'ชื่อตาราง.ชื่อฟิลด์',
  `table_use` varchar(255) NOT NULL,
  `pk` varchar(255) NOT NULL,
  PRIMARY KEY (`es_id`) USING BTREE
) ENGINE=InnoDB AUTO_INCREMENT=60 DEFAULT CHARSET=utf8;
/*!40101 SET character_set_client = @saved_cs_client */;

--
-- Dumping data for table `es_index_field`
--

LOCK TABLES `es_index_field` WRITE;
/*!40000 ALTER TABLE `es_index_field` DISABLE KEYS */;
INSERT INTO `es_index_field` VALUES (1,'id',1,'#es_prefix#_#id#','manage_menu',''),(2,'title',1,'#table#.menu_name','manage_menu','menu_id'),(3,'title_en',1,'#table#.menu_name_en','manage_menu','menu_id'),(4,'pk',1,'#cur_id_content#','',''),(5,'lvl1_pk',1,'#table#.parent_id','manage_menu','menu_id'),(6,'lvl2_pk',1,'#parent_lvl1_pk#','',''),(7,'category',1,'#es_prefix#','manage_menu',''),(8,'pubyear',1,'#table#.time_create','manage_menu','menu_id'),(9,'content',1,'#table#.description','manage_menu','menu_id'),(10,'content_en',1,'#table#.description_en','manage_menu','menu_id'),(11,'url',1,'#url#','',''),(12,'create_dt',1,'#table#.time_create','manage_menu','menu_id'),(13,'userid',1,'#cur_user_id#','manage_menu',''),(14,'time_update',1,'#table#.time_update','manage_menu','menu_id'),(15,'type_date_show',1,'#table#.type_date_show','manage_menu','menu_id'),(16,'usage_level',1,'#table#.usage_level','manage_menu','menu_id'),(17,'record_id',1,'#record_id#','manage_menu',''),(18,'status',1,'#table#.show_status','manage_menu','menu_id'),(19,'date_start',1,'#table#.date_show_start','manage_menu','menu_id'),(20,'date_end',1,'#table#.date_show_end','manage_menu','menu_id'),(21,'id',2,'#es_prefix#_#id#','manage_menu_top',''),(22,'title',2,'#table#.menu_name','manage_menu_top','menu_id'),(23,'title_en',2,'#table#.menu_name_en','manage_menu_top','menu_id'),(24,'pk',2,'#cur_id_content#','',''),(25,'lvl1_pk',2,'#table#.parent_id','manage_menu_top','menu_id'),(26,'lvl2_pk',2,'#parent_lvl1_pk#','',''),(27,'category',2,'#es_prefix#','manage_menu_top',''),(28,'pubyear',2,'#table#.time_create','manage_menu_top','menu_id'),(29,'content',2,'#table#.description','manage_menu_top','menu_id'),(30,'content_en',2,'#table#.description_en','manage_menu_top','menu_id'),(31,'url',2,'#url#','',''),(32,'create_dt',2,'#table#.time_create','manage_menu_top','menu_id'),(33,'userid',2,'#cur_user_id#','manage_menu_top',''),(34,'time_update',2,'#table#.time_update','manage_menu_top','menu_id'),(35,'type_date_show',2,'#table#.type_date_show','manage_menu_top','menu_id'),(36,'usage_level',2,'#table#.usage_level','manage_menu_top','menu_id'),(37,'record_id',2,'#record_id#','manage_menu_top',''),(38,'status',2,'#table#.show_status','manage_menu_top','menu_id'),(39,'date_start',2,'#table#.date_show_start','manage_menu_top','menu_id'),(40,'date_end',2,'#table#.date_show_end','manage_menu_top','menu_id'),(41,'id',3,'#es_prefix#_#id#','news',''),(42,'title',3,'#table#.news_title','news','news_id'),(43,'title_en',3,'#table#.news_title_en','news','news_id'),(44,'pk',3,'#cur_id_content#','',''),(45,'lvl1_pk',3,'#table#.news_category','news','news_id'),(46,'category',3,'#es_prefix#','',''),(47,'pubyear',3,'#table#.news_date','news','news_id'),(48,'keyword',3,'#auto_keyword#','',''),(49,'content',3,'#table#.news_description','news','news_id'),(50,'content_en',3,'#table#.news_description_en','news','news_id'),(51,'url',3,'#url#','',''),(52,'create_dt',3,'#table#.news_date','news','news_id'),(53,'time_update',3,'#table#.time_update','news','news_id'),(54,'type_date_show',3,'#table#.type_date_show','news','news_id'),(55,'status',3,'#table#.show_status','news','news_id'),(56,'date_start',3,'#table#.date_show_start','news','news_id'),(57,'date_end',3,'#table#.date_show_end','news','news_id'),(58,'type_usage',1,'#type_usage#','',''),(59,'type_usage',2,'#type_usage#','','');
/*!40000 ALTER TABLE `es_index_field` ENABLE KEYS */;
UNLOCK TABLES;

--
-- Table structure for table `es_index_type`
--

DROP TABLE IF EXISTS `es_index_type`;
/*!40101 SET @saved_cs_client     = @@character_set_client */;
/*!40101 SET character_set_client = utf8 */;
CREATE TABLE `es_index_type` (
  `es_type_id` int(11) NOT NULL AUTO_INCREMENT,
  `es_prefix` varchar(255) NOT NULL,
  `es_type_name` varchar(255) NOT NULL,
  `es_type_status` int(1) NOT NULL DEFAULT '1',
  PRIMARY KEY (`es_type_id`) USING BTREE
) ENGINE=InnoDB AUTO_INCREMENT=4 DEFAULT CHARSET=utf8;
/*!40101 SET character_set_client = @saved_cs_client */;

--
-- Dumping data for table `es_index_type`
--

LOCK TABLES `es_index_type` WRITE;
/*!40000 ALTER TABLE `es_index_type` DISABLE KEYS */;
INSERT INTO `es_index_type` VALUES (1,'menu','เมนู',1),(2,'menu_top','เมนูด้านบน',1),(3,'news','ข่าวประชาสัมพันธ์',1);
/*!40000 ALTER TABLE `es_index_type` ENABLE KEYS */;
UNLOCK TABLES;

--
-- Table structure for table `log_action`
--

DROP TABLE IF EXISTS `log_action`;
/*!40101 SET @saved_cs_client     = @@character_set_client */;
/*!40101 SET character_set_client = utf8 */;
CREATE TABLE `log_action` (
  `c_date` date NOT NULL,
  `c_date_time` datetime NOT NULL,
  `title` varchar(255) DEFAULT NULL,
  `pk` int(11) DEFAULT NULL,
  `category_pk` int(11) DEFAULT NULL,
  `type_module` varchar(255) DEFAULT NULL,
  `type_action` int(11) DEFAULT NULL,
  `user_id` int(11) DEFAULT NULL,
  `name` varchar(250) DEFAULT NULL,
  `ip` varchar(100) DEFAULT NULL
) ENGINE=InnoDB DEFAULT CHARSET=utf8;
/*!40101 SET character_set_client = @saved_cs_client */;

--
-- Dumping data for table `log_action`
--

LOCK TABLES `log_action` WRITE;
/*!40000 ALTER TABLE `log_action` DISABLE KEYS */;
INSERT INTO `log_action` VALUES ('2021-01-04','2021-01-04 16:46:33','เข้าสู่ระบบ',0,0,'login',1,1,NULL,'192.168.33.1'),('2021-01-04','2021-01-04 16:46:45','เข้าสู่ระบบ',0,0,'login',1,1,NULL,'192.168.33.1'),('2021-01-04','2021-01-04 16:47:46','เข้าสู่ระบบ',0,0,'login',1,1,NULL,'192.168.33.1'),('2021-01-04','2021-01-04 16:52:29','เข้าสู่ระบบ',0,0,'login',1,1,NULL,'192.168.33.1'),('2021-01-04','2021-01-04 16:54:20','เข้าสู่ระบบ',0,0,'login',1,1,NULL,'192.168.33.1'),('2021-01-04','2021-01-04 17:06:01','ผู้ดูแลระบบ222',100,0,'group',42,1,NULL,'192.168.33.1'),('2021-01-04','2021-01-04 17:06:32','ผู้ดูแลระบบ222',100,0,'group',43,1,NULL,'192.168.33.1'),('2021-01-04','2021-01-04 17:06:35','ผู้ดูแลระบบ22234',100,0,'group',44,1,NULL,'192.168.33.1'),('2021-01-04','2021-01-04 17:06:42','21421',101,0,'group',42,1,NULL,'192.168.33.1'),('2021-01-04','2021-01-04 17:06:45','21421',101,0,'group',44,1,NULL,'192.168.33.1'),('2021-01-04','2021-01-04 17:31:27','ผู้ดูแลระบบ',1,0,'group',45,1,NULL,'192.168.33.1'),('2021-01-04','2021-01-04 17:31:36','ผู้ดูแลระบบ',1,0,'group',45,1,NULL,'192.168.33.1'),('2021-01-04','2021-01-04 17:31:41','ผู้ดูแลระบบ',1,0,'group',45,1,NULL,'192.168.33.1'),('2021-01-05','2021-01-05 09:50:08','เข้าสู่ระบบ',0,0,'login',1,1,NULL,'192.168.33.1'),('2021-01-05','2021-01-05 09:50:10','ออกจากระบบ',0,0,'login',2,1,NULL,'192.168.33.1'),('2021-01-05','2021-01-05 09:50:48','เข้าสู่ระบบ',0,0,'login',1,1,NULL,'192.168.33.1'),('2021-01-05','2021-01-05 11:25:55','นายadmin_sbs admin_sbs',1,0,'users',46,1,NULL,'192.168.33.1'),('2021-01-05','2021-01-05 11:27:41','นายadmin_sbs admin_sbs',1,0,'users',47,1,NULL,'192.168.33.1'),('2021-01-05','2021-01-05 11:27:45','นายadmin_sbs admin_sbs',1,0,'users',47,1,NULL,'192.168.33.1'),('2021-01-05','2021-01-05 11:28:04','นายadmin_sbs admin_sbs',1,0,'users',47,1,NULL,'192.168.33.1'),('2021-01-05','2021-01-05 11:28:09','นางadmin_sbs admin_sbs',1,0,'users',47,1,NULL,'192.168.33.1'),('2021-01-05','2021-01-05 11:28:14','นางสาวadmin_sbs admin_sbs',1,0,'users',47,1,NULL,'192.168.33.1'),('2021-01-05','2021-01-05 11:28:23','นางสาวadmin_sbs admin_sbs',1,0,'users',47,1,NULL,'192.168.33.1'),('2021-01-05','2021-01-05 11:31:53','นางสาวadmin_sbs admin_sbs',1,0,'users',47,1,NULL,'192.168.33.1'),('2021-01-05','2021-01-05 11:32:03','นางสาวadmin_sbs admin_sbs',1,0,'users',47,1,NULL,'192.168.33.1'),('2021-01-05','2021-01-05 11:32:08','นางสาวadmin_sbs333 admin_sbs',1,0,'users',47,1,NULL,'192.168.33.1'),('2021-01-05','2021-01-05 11:32:16','นางสาวadmin_sbs333 admin_sbs111',1,0,'users',47,1,NULL,'192.168.33.1'),('2021-01-05','2021-01-05 11:33:20','นายMETUS BUDDAWONG',2,0,'users',46,1,NULL,'192.168.33.1'),('2021-01-05','2021-01-05 11:33:25','นางสาวadmin_sbs333 admin_sbs111',1,0,'users',47,1,NULL,'192.168.33.1'),('2021-01-05','2021-01-05 11:33:37','นายMETUS BUDDAWONG',2,0,'users',48,1,NULL,'192.168.33.1'),('2021-01-05','2021-01-05 11:35:40',' ',2,0,'users',48,1,NULL,'192.168.33.1'),('2021-01-05','2021-01-05 11:36:08',' ',2,0,'users',48,1,NULL,'192.168.33.1'),('2021-01-05','2021-01-05 11:36:10','นางสาวadmin_sbs333 admin_sbs111',1,0,'users',48,1,NULL,'192.168.33.1'),('2021-01-05','2021-01-05 11:36:39','นายเมธัส บุตรดาวงค์',3,0,'users',46,1,NULL,'192.168.33.1'),('2021-01-05','2021-01-05 11:36:43','นายเมธัส บุตรดาวงค์',3,0,'users',47,1,NULL,'192.168.33.1'),('2021-01-05','2021-01-05 11:36:50','นายเมธัส บุตรดาวงค์',3,0,'users',47,1,NULL,'192.168.33.1'),('2021-01-05','2021-01-05 11:37:15','นายเมธัส บุตรดาวงค์',3,0,'users',47,1,NULL,'192.168.33.1'),('2021-01-05','2021-01-05 11:37:19','นายเมธัส บุตรดาวงค์',3,0,'users',47,1,NULL,'192.168.33.1'),('2021-01-05','2021-01-05 11:47:38','ผู้ดูแลระบบ',1,0,'group',45,1,NULL,'192.168.33.1'),('2021-01-05','2021-01-05 11:47:44','นายเมธัส บุตรดาวงค์',3,0,'users',49,1,NULL,'192.168.33.1'),('2021-01-05','2021-01-05 11:56:36','นายsbs_admin sbs_admin',4,0,'users',46,1,NULL,'192.168.33.1'),('2021-01-05','2021-01-05 11:56:49','เข้าสู่ระบบขณะถูกระงับ',0,0,'login',4,4,NULL,'192.168.33.1'),('2021-01-05','2021-01-05 11:56:49','เข้าสู่ระบบไม่สำเร็จ',0,0,'login',3,0,NULL,'192.168.33.1'),('2021-01-05','2021-01-05 11:57:45','เข้าสู่ระบบขณะถูกระงับ',0,0,'login',4,4,NULL,'192.168.33.1'),('2021-01-05','2021-01-05 11:57:45','เข้าสู่ระบบไม่สำเร็จ',0,0,'login',3,0,NULL,'192.168.33.1'),('2021-01-05','2021-01-05 11:58:01','เข้าสู่ระบบขณะถูกระงับ',0,0,'login',4,4,NULL,'192.168.33.1'),('2021-01-05','2021-01-05 11:58:01','เข้าสู่ระบบไม่สำเร็จ',0,0,'login',3,0,NULL,'192.168.33.1'),('2021-01-05','2021-01-05 11:58:16','เข้าสู่ระบบขณะถูกระงับ',0,0,'login',4,4,NULL,'192.168.33.1'),('2021-01-05','2021-01-05 11:58:16','เข้าสู่ระบบไม่สำเร็จ',0,0,'login',3,0,NULL,'192.168.33.1'),('2021-01-05','2021-01-05 11:58:21','เข้าสู่ระบบขณะถูกระงับ',0,0,'login',4,4,NULL,'192.168.33.1'),('2021-01-05','2021-01-05 11:58:21','เข้าสู่ระบบไม่สำเร็จ',0,0,'login',3,0,NULL,'192.168.33.1'),('2021-01-05','2021-01-05 11:58:51','เข้าสู่ระบบขณะถูกระงับ',0,0,'login',4,4,NULL,'192.168.33.1'),('2021-01-05','2021-01-05 11:58:51','เข้าสู่ระบบไม่สำเร็จ',0,0,'login',3,0,NULL,'192.168.33.1'),('2021-01-05','2021-01-05 11:59:10','เข้าสู่ระบบขณะถูกระงับ',0,0,'login',4,4,NULL,'192.168.33.1'),('2021-01-05','2021-01-05 11:59:14','เข้าสู่ระบบขณะถูกระงับ',0,0,'login',4,4,NULL,'192.168.33.1'),('2021-01-05','2021-01-05 11:59:45','เข้าสู่ระบบขณะถูกระงับ',0,0,'login',4,4,NULL,'192.168.33.1'),('2021-01-05','2021-01-05 12:00:00','เข้าสู่ระบบขณะถูกระงับ',0,0,'login',4,4,NULL,'192.168.33.1'),('2021-01-05','2021-01-05 12:00:15','เข้าสู่ระบบขณะถูกระงับ',0,0,'login',4,4,NULL,'192.168.33.1'),('2021-01-05','2021-01-05 12:00:16','เข้าสู่ระบบไม่สำเร็จ',0,0,'login',3,0,NULL,'192.168.33.1'),('2021-01-05','2021-01-05 12:00:55','เข้าสู่ระบบขณะถูกระงับ',0,0,'login',4,4,NULL,'192.168.33.1'),('2021-01-05','2021-01-05 12:00:55','เข้าสู่ระบบไม่สำเร็จ',0,0,'login',3,0,NULL,'192.168.33.1'),('2021-01-05','2021-01-05 12:01:01','เข้าสู่ระบบขณะถูกระงับ',0,0,'login',4,4,NULL,'192.168.33.1'),('2021-01-05','2021-01-05 12:01:02','เข้าสู่ระบบไม่สำเร็จ',0,0,'login',3,0,NULL,'192.168.33.1'),('2021-01-05','2021-01-05 12:01:32','เข้าสู่ระบบ',0,0,'login',1,3,'เจ้าหน้าที่ผู้ดูแลระบบCMU','192.168.33.1'),('2021-01-05','2021-01-05 13:41:04','เข้าสู่ระบบ',0,0,'login',1,3,'เจ้าหน้าที่ผู้ดูแลระบบCMU','192.168.33.1'),('2021-01-05','2021-01-05 14:32:38','นายsbs_admin sbs_admin',4,0,'users',49,3,'เจ้าหน้าที่ผู้ดูแลระบบCMU','192.168.33.1'),('2021-01-05','2021-01-05 14:32:51','นายsbs_admin sbs_admin',4,0,'users',47,3,'เจ้าหน้าที่ผู้ดูแลระบบCMU','192.168.33.1'),('2021-01-05','2021-01-05 14:33:00','นายsbs_admin sbs_admin',4,0,'users',47,3,'เจ้าหน้าที่ผู้ดูแลระบบCMU','192.168.33.1'),('2021-01-05','2021-01-05 14:33:04','ออกจากระบบ',0,0,'login',2,3,'เจ้าหน้าที่ผู้ดูแลระบบCMU','192.168.33.1'),('2021-01-05','2021-01-05 14:33:06','เข้าสู่ระบบ',0,0,'login',1,4,NULL,'192.168.33.1'),('2021-01-05','2021-01-05 14:40:58','เข้าสู่ระบบ',0,0,'login',1,3,'เจ้าหน้าที่ผู้ดูแลระบบCMU','183.88.217.77'),('2021-01-05','2021-01-05 14:41:23','ผู้ดูแลระบบ',1,0,'group',45,3,'เจ้าหน้าที่ผู้ดูแลระบบCMU','183.88.217.77'),('2021-01-05','2021-01-05 14:41:25','ออกจากระบบ',0,0,'login',2,3,'เจ้าหน้าที่ผู้ดูแลระบบCMU','183.88.217.77'),('2021-01-05','2021-01-05 14:41:30','เข้าสู่ระบบไม่สำเร็จ',0,0,'login',3,0,NULL,'183.88.217.77'),('2021-01-05','2021-01-05 14:41:30','เข้าสู่ระบบไม่สำเร็จ',0,0,'login',3,0,NULL,'183.88.217.77'),('2021-01-05','2021-01-05 14:41:34','เข้าสู่ระบบ',0,0,'login',1,3,'เจ้าหน้าที่ผู้ดูแลระบบCMU','183.88.217.77'),('2021-01-08','2021-01-08 11:50:59','เข้าสู่ระบบ',0,0,'login',1,3,'เจ้าหน้าที่ผู้ดูแลระบบCMU','183.88.217.77'),('2021-01-08','2021-01-08 11:51:14','ผู้ดูแลระบบ',1,0,'group',45,3,'เจ้าหน้าที่ผู้ดูแลระบบCMU','183.88.217.77'),('2021-01-08','2021-01-08 11:51:22','ออกจากระบบ',0,0,'login',2,3,'เจ้าหน้าที่ผู้ดูแลระบบCMU','183.88.217.77'),('2021-01-08','2021-01-08 11:51:27','เข้าสู่ระบบ',0,0,'login',1,3,'เจ้าหน้าที่ผู้ดูแลระบบCMU','183.88.217.77'),('2021-01-08','2021-01-08 11:51:43','สำรองข้อมูลระบบ',0,0,'backup',55,3,'เจ้าหน้าที่ผู้ดูแลระบบCMU','183.88.217.77'),('2021-01-08','2021-01-08 11:52:11','สำรองข้อมูลระบบ',0,0,'backup',55,3,'เจ้าหน้าที่ผู้ดูแลระบบCMU','183.88.217.77'),('2021-01-08','2021-01-08 11:52:26','ดาวน์โหลดไฟล์สำรองข้อมูลระบบ',0,0,'backup',56,3,'เจ้าหน้าที่ผู้ดูแลระบบCMU','183.88.217.77'),('2021-01-08','2021-01-08 11:54:08','สำรองข้อมูลระบบ',0,0,'backup',55,3,'เจ้าหน้าที่ผู้ดูแลระบบCMU','183.88.217.77'),('2021-01-08','2021-01-08 11:54:27','สำรองข้อมูลระบบ',0,0,'backup',55,3,'เจ้าหน้าที่ผู้ดูแลระบบCMU','183.88.217.77'),('2021-01-08','2021-01-08 11:54:30','ดาวน์โหลดไฟล์สำรองข้อมูลระบบ',0,0,'backup',56,3,'เจ้าหน้าที่ผู้ดูแลระบบCMU','183.88.217.77'),('2021-01-08','2021-01-08 13:27:23','สำรองข้อมูลระบบ',0,0,'backup',55,3,'เจ้าหน้าที่ผู้ดูแลระบบCMU','183.88.217.77'),('2021-01-08','2021-01-08 13:27:28','ดาวน์โหลดไฟล์สำรองข้อมูลระบบ',0,0,'backup',56,3,'เจ้าหน้าที่ผู้ดูแลระบบCMU','183.88.217.77'),('2021-01-08','2021-01-08 13:28:10','สำรองข้อมูลระบบ',0,0,'backup',55,3,'เจ้าหน้าที่ผู้ดูแลระบบCMU','183.88.217.77'),('2021-01-08','2021-01-08 13:28:13','ดาวน์โหลดไฟล์สำรองข้อมูลระบบ',0,0,'backup',56,3,'เจ้าหน้าที่ผู้ดูแลระบบCMU','183.88.217.77'),('2021-01-08','2021-01-08 13:30:53','สำรองข้อมูลระบบ',0,0,'backup',55,3,'เจ้าหน้าที่ผู้ดูแลระบบCMU','183.88.217.77'),('2021-01-08','2021-01-08 13:30:57','ดาวน์โหลดไฟล์สำรองข้อมูลระบบ',0,0,'backup',56,3,'เจ้าหน้าที่ผู้ดูแลระบบCMU','183.88.217.77'),('2021-01-08','2021-01-08 13:33:15','สำรองข้อมูลระบบ',0,0,'backup',55,3,'เจ้าหน้าที่ผู้ดูแลระบบCMU','183.88.217.77'),('2021-01-08','2021-01-08 13:37:46','สำรองข้อมูลระบบ',0,0,'backup',55,3,'เจ้าหน้าที่ผู้ดูแลระบบCMU','183.88.217.77'),('2021-01-08','2021-01-08 13:38:17','สำรองข้อมูลระบบ',0,0,'backup',55,3,'เจ้าหน้าที่ผู้ดูแลระบบCMU','183.88.217.77'),('2021-01-08','2021-01-08 13:38:32','ดาวน์โหลดไฟล์สำรองข้อมูลระบบ',0,0,'backup',56,3,'เจ้าหน้าที่ผู้ดูแลระบบCMU','183.88.217.77'),('2021-01-08','2021-01-08 13:44:09','สำรองข้อมูลระบบ',0,0,'backup',55,3,'เจ้าหน้าที่ผู้ดูแลระบบCMU','183.88.217.77'),('2021-01-08','2021-01-08 13:47:01','สำรองข้อมูลระบบ',0,0,'backup',55,3,'เจ้าหน้าที่ผู้ดูแลระบบCMU','183.88.217.77'),('2021-01-08','2021-01-08 13:48:42','สำรองข้อมูลระบบ',0,0,'backup',55,3,'เจ้าหน้าที่ผู้ดูแลระบบCMU','183.88.217.77'),('2021-01-08','2021-01-08 14:04:21','สำรองข้อมูลระบบ',0,0,'backup',55,3,'เจ้าหน้าที่ผู้ดูแลระบบCMU','183.88.217.77'),('2021-01-08','2021-01-08 14:04:28','ดาวน์โหลดไฟล์สำรองข้อมูลระบบ',0,0,'backup',56,3,'เจ้าหน้าที่ผู้ดูแลระบบCMU','183.88.217.77'),('2021-01-08','2021-01-08 14:12:41','สำรองข้อมูลระบบ',0,0,'backup',55,3,'เจ้าหน้าที่ผู้ดูแลระบบCMU','183.88.217.77'),('2021-01-08','2021-01-08 14:13:29','สำรองข้อมูลระบบ',0,0,'backup',55,3,'เจ้าหน้าที่ผู้ดูแลระบบCMU','183.88.217.77'),('2021-01-13','2021-01-13 11:36:51','เข้าสู่ระบบ',0,0,'login',1,3,'เจ้าหน้าที่ผู้ดูแลระบบCMU','183.88.217.77'),('2021-01-13','2021-01-13 12:04:10','เข้าสู่ระบบ',0,0,'login',1,3,'เจ้าหน้าที่ผู้ดูแลระบบCMU','183.88.217.77'),('2021-01-13','2021-01-13 14:00:49','เข้าสู่ระบบ',0,0,'login',1,3,'เจ้าหน้าที่ผู้ดูแลระบบCMU','183.88.217.77'),('2021-01-13','2021-01-13 14:08:13','ผู้ดูแลระบบ',1,0,'group',45,3,'เจ้าหน้าที่ผู้ดูแลระบบCMU','183.88.217.77'),('2021-01-13','2021-01-13 14:08:16','ออกจากระบบ',0,0,'login',2,3,'เจ้าหน้าที่ผู้ดูแลระบบCMU','183.88.217.77'),('2021-01-13','2021-01-13 14:08:19','เข้าสู่ระบบ',0,0,'login',1,3,'เจ้าหน้าที่ผู้ดูแลระบบCMU','183.88.217.77'),('2021-01-13','2021-01-13 14:08:32','เข้าสู่ระบบ',0,0,'login',1,3,'เจ้าหน้าที่ผู้ดูแลระบบCMU','183.88.217.77'),('2021-01-13','2021-01-13 14:08:38','ออกจากระบบ',0,0,'login',2,3,'เจ้าหน้าที่ผู้ดูแลระบบCMU','183.88.217.77'),('2021-01-13','2021-01-13 14:09:13','ดาวน์โหลดไฟล์สำรองข้อมูลระบบ',0,0,'backup',56,3,'เจ้าหน้าที่ผู้ดูแลระบบCMU','183.88.217.77'),('2021-01-13','2021-01-13 14:15:06','',1,0,'menu',33,3,'เจ้าหน้าที่ผู้ดูแลระบบCMU','183.88.217.77'),('2021-01-13','2021-01-13 14:15:12','sdg',1,0,'menu',34,3,'เจ้าหน้าที่ผู้ดูแลระบบCMU','183.88.217.77'),('2021-01-13','2021-01-13 14:32:55','เข้าสู่ระบบ',0,0,'login',1,3,'เจ้าหน้าที่ผู้ดูแลระบบ CMU','183.88.217.77'),('2021-01-16','2021-01-16 13:52:02','เข้าสู่ระบบ',0,0,'login',1,3,'เจ้าหน้าที่ผู้ดูแลระบบ CMU','183.88.217.77'),('2021-01-16','2021-01-16 13:53:20','บัญชีของฉัน',1,0,'menu_top',63,3,'เจ้าหน้าที่ผู้ดูแลระบบ CMU','183.88.217.77'),('2021-01-16','2021-01-16 13:53:39','ติดต่อเรา ',2,0,'menu_top',63,3,'เจ้าหน้าที่ผู้ดูแลระบบ CMU','183.88.217.77'),('2021-01-16','2021-01-16 13:54:18','ข้อเสนอแนะ',3,0,'menu_top',63,3,'เจ้าหน้าที่ผู้ดูแลระบบ CMU','183.88.217.77'),('2021-01-16','2021-01-16 13:54:32','ข้อเสนอแนะ',3,0,'menu_top',64,3,'เจ้าหน้าที่ผู้ดูแลระบบ CMU','183.88.217.77'),('2021-01-16','2021-01-16 13:55:01','ข้อเสนอแนะ',3,0,'menu_top',64,3,'เจ้าหน้าที่ผู้ดูแลระบบ CMU','183.88.217.77'),('2021-01-16','2021-01-16 13:57:23','sdg',1,0,'menu',34,3,'เจ้าหน้าที่ผู้ดูแลระบบ CMU','183.88.217.77'),('2021-01-16','2021-01-16 13:58:10','Research Support',2,0,'menu',33,3,'เจ้าหน้าที่ผู้ดูแลระบบ CMU','183.88.217.77'),('2021-01-16','2021-01-16 13:58:35','e-Resources',3,0,'menu',33,3,'เจ้าหน้าที่ผู้ดูแลระบบ CMU','183.88.217.77'),('2021-01-16','2021-01-16 13:58:59','Special Collection',4,0,'menu',33,3,'เจ้าหน้าที่ผู้ดูแลระบบ CMU','183.88.217.77'),('2021-01-16','2021-01-16 13:59:15','About',5,0,'menu',33,3,'เจ้าหน้าที่ผู้ดูแลระบบ CMU','183.88.217.77'),('2021-01-16','2021-01-16 14:01:06','บริการยืมคืน',6,0,'sub_menu',36,3,'เจ้าหน้าที่ผู้ดูแลระบบ CMU','183.88.217.77'),('2021-01-16','2021-01-16 14:01:19','บริการจองทรัพยากร',7,0,'sub_menu',36,3,'เจ้าหน้าที่ผู้ดูแลระบบ CMU','183.88.217.77'),('2021-01-16','2021-01-16 14:01:37','บริการห้องค้นคว้า',8,0,'sub_menu',36,3,'เจ้าหน้าที่ผู้ดูแลระบบ CMU','183.88.217.77'),('2021-01-16','2021-01-16 14:01:50','การเข้าใช้บริการห้องสมุด',9,0,'sub_menu',36,3,'เจ้าหน้าที่ผู้ดูแลระบบ CMU','183.88.217.77'),('2021-01-16','2021-01-16 14:02:03','บริการนำชมห้องสมุด',10,0,'sub_menu',36,3,'เจ้าหน้าที่ผู้ดูแลระบบ CMU','183.88.217.77'),('2021-01-16','2021-01-16 14:02:50','บริการยืมคืน',6,0,'sub_menu',37,3,'เจ้าหน้าที่ผู้ดูแลระบบ CMU','183.88.217.77'),('2021-01-16','2021-01-16 14:04:23','บริการยืมคืน',6,2,'sub_menu',37,3,'เจ้าหน้าที่ผู้ดูแลระบบ CMU','183.88.217.77'),('2021-01-16','2021-01-16 14:05:47','บริการยืมคืน',6,2,'sub_menu',37,3,'เจ้าหน้าที่ผู้ดูแลระบบ CMU','183.88.217.77'),('2021-01-16','2021-01-16 14:07:48','บริการยืมคืน',6,2,'sub_menu',37,3,'เจ้าหน้าที่ผู้ดูแลระบบ CMU','183.88.217.77'),('2021-01-16','2021-01-16 14:10:26','บริการจองทรัพยากร',7,0,'sub_menu',37,3,'เจ้าหน้าที่ผู้ดูแลระบบ CMU','183.88.217.77'),('2021-01-16','2021-01-16 14:10:50','บริการห้องค้นคว้า',8,0,'sub_menu',37,3,'เจ้าหน้าที่ผู้ดูแลระบบ CMU','183.88.217.77'),('2021-01-16','2021-01-16 14:13:15','การเข้าใช้บริการห้องสมุด',9,0,'sub_menu',37,3,'เจ้าหน้าที่ผู้ดูแลระบบ CMU','183.88.217.77'),('2021-01-16','2021-01-16 14:15:03','บริการนำชมห้องสมุด',10,0,'sub_menu',37,3,'เจ้าหน้าที่ผู้ดูแลระบบ CMU','183.88.217.77'),('2021-01-16','2021-01-16 14:17:30','ดัชนีชี้วัดคุณภาพวารสาร',11,0,'sub_menu',36,3,'เจ้าหน้าที่ผู้ดูแลระบบ CMU','183.88.217.77'),('2021-01-16','2021-01-16 14:17:50','ฐานข้อมูลวารสารเข้าถึงแบบเปิด',12,0,'sub_menu',36,3,'เจ้าหน้าที่ผู้ดูแลระบบ CMU','183.88.217.77'),('2021-01-16','2021-01-16 14:18:06','ฐานข้อมูลวารสารในประเทศไทย',13,0,'sub_menu',36,3,'เจ้าหน้าที่ผู้ดูแลระบบ CMU','183.88.217.77'),('2021-01-16','2021-01-16 14:25:03','โปรแกรมสนับสนุนการวิจัย',14,0,'sub_menu',36,3,'เจ้าหน้าที่ผู้ดูแลระบบ CMU','183.88.217.77'),('2021-01-16','2021-01-16 14:37:05','โปรแกรมจัดการบรรณานุกรม',15,1,'unit_menu',39,3,'เจ้าหน้าที่ผู้ดูแลระบบ CMU','183.88.217.77'),('2021-01-16','2021-01-16 14:37:35','เครื่องมือตรวจสอบการคัดลอกผลงานทางวิชาการ',16,1,'unit_menu',39,3,'เจ้าหน้าที่ผู้ดูแลระบบ CMU','183.88.217.77'),('2021-01-16','2021-01-16 14:39:12','Academic OneFile Select',17,1,'sub_menu',36,3,'เจ้าหน้าที่ผู้ดูแลระบบ CMU','183.88.217.77'),('2021-01-16','2021-01-16 14:39:34','Academic Search  Complete ',18,1,'sub_menu',36,3,'เจ้าหน้าที่ผู้ดูแลระบบ CMU','183.88.217.77'),('2021-01-16','2021-01-16 14:39:57','ACM Digital Library',19,1,'sub_menu',36,3,'เจ้าหน้าที่ผู้ดูแลระบบ CMU','183.88.217.77'),('2021-01-16','2021-01-16 14:40:52','About',5,0,'menu',34,3,'เจ้าหน้าที่ผู้ดูแลระบบ CMU','183.88.217.77'),('2021-01-16','2021-01-16 14:50:27','รับสมัครบุคคลเพื่อคัดเลือกให้ดำรงตำแหน่งหัวหน้าฝ่ายโครงสร้างพื้นฐานเทคโนโลยีสารสนเทศ',1,1,'news',57,3,'เจ้าหน้าที่ผู้ดูแลระบบ CMU','183.88.217.77'),('2021-01-16','2021-01-16 14:51:33','รายชื่อผู้มีสิทธิ์เข้ารับการสอบคัดเลือกเข้าเป็นพนักงานมหาวิทยาลัย สายปฏิบัติการ ตำแหน่งพนักงานปฏิบัติงาน',2,1,'news',57,3,'เจ้าหน้าที่ผู้ดูแลระบบ CMU','183.88.217.77'),('2021-01-16','2021-01-16 14:52:39','ประกาศรายชื่อผู้มีสิทธิ์สอบสัมภาษณ์เพื่อคัดเลือกเป็นพนักงานมหาวิทยาลัย ตำแหน่งนักวิชาการคอมพิวเตอร์',3,1,'news',57,3,'เจ้าหน้าที่ผู้ดูแลระบบ CMU','183.88.217.77'),('2021-01-16','2021-01-16 14:54:37','ประกาศผู้ชนะการเสนอราคา จัดซื้อครุภัณฑ์ศูนย์นวัตกรรมการสอนและการเรียนรู้ (TLIC) ครั้งที่ 2 โดยวิธีe-bidding',4,2,'news',57,3,'เจ้าหน้าที่ผู้ดูแลระบบ CMU','183.88.217.77'),('2021-01-16','2021-01-16 14:55:00','ประกาศจ้างซื้อชุดอุปกรณ์บันทึกสื่อ CMU EZ Studio และชุดควบคุมการประชุมทางไกล CMU EZ Conference ระยะที่ 2 (ครั้งที่ 2) ด้วยวิธีประกวดราคาอิเล็กทรอนิกส์ (e-bidding)',5,2,'news',57,3,'เจ้าหน้าที่ผู้ดูแลระบบ CMU','183.88.217.77'),('2021-01-16','2021-01-16 14:56:28','ประกาศร่าง TOR ซื้อชุดอุปกรณ์บันทึกสื่อ CMU EZ Studio และชุดควบคุมการประชุมทางไกล CMU EZ Conference ระยะที่ 2 (ครั้งที่ 2) ด้วยวิธีประกวดราคาอิเล็กทรอนิกส์ (e-bidding)',6,2,'news',57,3,'เจ้าหน้าที่ผู้ดูแลระบบ CMU','183.88.217.77'),('2021-01-16','2021-01-16 14:58:06','Test Online Library Course',1,0,'banner',27,3,'เจ้าหน้าที่ผู้ดูแลระบบ CMU','183.88.217.77'),('2021-01-16','2021-01-16 15:05:37','Test Online Library Course 2',2,0,'banner',27,3,'เจ้าหน้าที่ผู้ดูแลระบบ CMU','183.88.217.77'),('2021-01-16','2021-01-16 15:06:34','Test Online Library Course 3',3,0,'banner',27,3,'เจ้าหน้าที่ผู้ดูแลระบบ CMU','183.88.217.77'),('2021-01-16','2021-01-16 15:06:43','Test Online Library Course',1,0,'banner',28,3,'เจ้าหน้าที่ผู้ดูแลระบบ CMU','183.88.217.77'),('2021-01-16','2021-01-16 15:06:51','Test Online Library Course 2',2,0,'banner',28,3,'เจ้าหน้าที่ผู้ดูแลระบบ CMU','183.88.217.77'),('2021-01-16','2021-01-16 15:07:14','Test Online Library Course 4',4,0,'banner',27,3,'เจ้าหน้าที่ผู้ดูแลระบบ CMU','183.88.217.77'),('2021-01-16','2021-01-16 15:08:12','รับสมัครบุคคลเพื่อคัดเลือกให้ดำรงตำแหน่งหัวหน้าฝ่ายโครงสร้างพื้นฐานเทคโนโลยีสารสนเทศ',1,1,'news',58,3,'เจ้าหน้าที่ผู้ดูแลระบบ CMU','183.88.217.77'),('2021-01-16','2021-01-16 15:08:43','ประกาศรายชื่อผู้มีสิทธิ์สอบสัมภาษณ์เพื่อคัดเลือกเป็นพนักงานมหาวิทยาลัย ตำแหน่งนักวิชาการคอมพิวเตอร์',3,1,'news',58,3,'เจ้าหน้าที่ผู้ดูแลระบบ CMU','183.88.217.77'),('2021-01-16','2021-01-16 15:09:24','รายชื่อผู้มีสิทธิ์เข้ารับการสอบคัดเลือกเข้าเป็นพนักงานมหาวิทยาลัย สายปฏิบัติการ ตำแหน่งพนักงานปฏิบัติงาน',2,1,'news',58,3,'เจ้าหน้าที่ผู้ดูแลระบบ CMU','183.88.217.77'),('2021-01-16','2021-01-16 15:17:18','ประกาศผู้ชนะการเสนอราคา จัดซื้อครุภัณฑ์ศูนย์นวัตกรรมการสอนและการเรียนรู้ (TLIC) ครั้งที่ 2 โดยวิธีe-bidding',4,2,'news',59,3,'เจ้าหน้าที่ผู้ดูแลระบบ CMU','183.88.217.77'),('2021-01-16','2021-01-16 15:37:40','ประกาศจ้างซื้อชุดอุปกรณ์บันทึกสื่อ CMU EZ Studio และชุดควบคุมการประชุมทางไกล CMU EZ Conference ระยะที่ 2 (ครั้งที่ 2) ด้วยวิธีประกวดราคาอิเล็กทรอนิกส์ (e-bidding)',5,2,'news',58,3,'เจ้าหน้าที่ผู้ดูแลระบบ CMU','183.88.217.77'),('2021-01-16','2021-01-16 15:37:53','ประกาศร่าง TOR ซื้อชุดอุปกรณ์บันทึกสื่อ CMU EZ Studio และชุดควบคุมการประชุมทางไกล CMU EZ Conference ระยะที่ 2 (ครั้งที่ 2) ด้วยวิธีประกวดราคาอิเล็กทรอนิกส์ (e-bidding)',6,2,'news',58,3,'เจ้าหน้าที่ผู้ดูแลระบบ CMU','183.88.217.77'),('2021-01-16','2021-01-16 16:09:49','เข้าสู่ระบบ',0,0,'login',1,3,'เจ้าหน้าที่ผู้ดูแลระบบ CMU','183.88.217.77'),('2021-01-16','2021-01-16 16:11:51','ออกจากระบบ',0,0,'login',2,3,'เจ้าหน้าที่ผู้ดูแลระบบ CMU','183.88.217.77'),('2021-01-19','2021-01-19 11:06:05','เข้าสู่ระบบ',0,0,'login',1,3,'เจ้าหน้าที่ผู้ดูแลระบบ CMU','183.88.217.77'),('2021-01-19','2021-01-19 11:07:02','Test Online Library Course',1,0,'banner',28,3,'เจ้าหน้าที่ผู้ดูแลระบบ CMU','183.88.217.77'),('2021-01-19','2021-01-19 11:07:12','Test Online Library Course 2',2,0,'banner',28,3,'เจ้าหน้าที่ผู้ดูแลระบบ CMU','183.88.217.77'),('2021-01-19','2021-01-19 11:07:21','Test Online Library Course 3',3,0,'banner',28,3,'เจ้าหน้าที่ผู้ดูแลระบบ CMU','183.88.217.77'),('2021-01-19','2021-01-19 11:07:30','Test Online Library Course 4',4,0,'banner',28,3,'เจ้าหน้าที่ผู้ดูแลระบบ CMU','183.88.217.77'),('2021-01-19','2021-01-19 11:26:47','เข้าสู่ระบบ',0,0,'login',1,3,'เจ้าหน้าที่ผู้ดูแลระบบ CMU','183.88.217.77'),('2021-01-19','2021-01-19 14:21:12','เข้าสู่ระบบ',0,0,'login',1,3,'เจ้าหน้าที่ผู้ดูแลระบบ CMU','183.88.217.77'),('2021-01-19','2021-01-19 16:56:44','เข้าสู่ระบบ',0,0,'login',1,3,'เจ้าหน้าที่ผู้ดูแลระบบ CMU','183.88.217.77'),('2021-01-19','2021-01-19 17:06:06','เข้าสู่ระบบ',0,0,'login',1,3,'เจ้าหน้าที่ผู้ดูแลระบบ CMU','183.88.217.77'),('2021-01-19','2021-01-19 17:36:26','ออกจากระบบ',0,0,'login',2,3,'เจ้าหน้าที่ผู้ดูแลระบบ CMU','183.88.217.77'),('2021-01-20','2021-01-20 09:23:01','เข้าสู่ระบบไม่สำเร็จ',0,0,'login',3,0,'บุคคลภายนอก','183.88.217.77'),('2021-01-20','2021-01-20 09:23:01','เข้าสู่ระบบไม่สำเร็จ',0,0,'login',3,0,'บุคคลภายนอก','183.88.217.77'),('2021-01-20','2021-01-20 09:23:10','เข้าสู่ระบบไม่สำเร็จ',0,0,'login',3,0,'บุคคลภายนอก','183.88.217.77'),('2021-01-20','2021-01-20 09:23:10','เข้าสู่ระบบไม่สำเร็จ',0,0,'login',3,0,'บุคคลภายนอก','183.88.217.77'),('2021-01-20','2021-01-20 09:23:38','เข้าสู่ระบบไม่สำเร็จ',0,0,'login',3,0,'บุคคลภายนอก','183.88.217.77'),('2021-01-20','2021-01-20 09:23:39','เข้าสู่ระบบไม่สำเร็จ',0,0,'login',3,0,'บุคคลภายนอก','183.88.217.77'),('2021-01-20','2021-01-20 09:23:57','เข้าสู่ระบบ',0,0,'login',1,3,'เจ้าหน้าที่ผู้ดูแลระบบ CMU','183.88.217.77'),('2021-01-20','2021-01-20 09:28:06','เข้าสู่ระบบ',0,0,'login',1,3,'เจ้าหน้าที่ผู้ดูแลระบบ CMU','183.88.217.77'),('2021-01-20','2021-01-20 09:32:21','บริการนำส่งหนังสือ(D.D)',20,0,'sub_menu',36,3,'เจ้าหน้าที่ผู้ดูแลระบบ CMU','183.88.217.77'),('2021-01-20','2021-01-20 09:38:52','สำหรับสมาชิก',21,0,'sub_menu',36,3,'เจ้าหน้าที่ผู้ดูแลระบบ CMU','183.88.217.77'),('2021-01-20','2021-01-20 09:39:22','My Library account',22,2,'unit_menu',39,3,'เจ้าหน้าที่ผู้ดูแลระบบ CMU','183.88.217.77'),('2021-01-20','2021-01-20 09:39:56','My Library account',22,2,'unit_menu',40,3,'เจ้าหน้าที่ผู้ดูแลระบบ CMU','183.88.217.77'),('2021-01-20','2021-01-20 09:41:27','บริการยืมคืน',23,1,'unit_menu',39,3,'เจ้าหน้าที่ผู้ดูแลระบบ CMU','183.88.217.77'),('2021-01-20','2021-01-20 09:41:43','บริการนำส่งหนังสือ(D.D)',24,1,'unit_menu',39,3,'เจ้าหน้าที่ผู้ดูแลระบบ CMU','183.88.217.77'),('2021-01-20','2021-01-20 09:42:02','บริการจองทรัพยากร',25,1,'unit_menu',39,3,'เจ้าหน้าที่ผู้ดูแลระบบ CMU','183.88.217.77'),('2021-01-20','2021-01-20 09:42:20','บริการห้องค้นคว้า',26,1,'unit_menu',39,3,'เจ้าหน้าที่ผู้ดูแลระบบ CMU','183.88.217.77'),('2021-01-20','2021-01-20 09:42:36','บริการแจ้งเตือน SMS',27,1,'unit_menu',39,3,'เจ้าหน้าที่ผู้ดูแลระบบ CMU','183.88.217.77'),('2021-01-20','2021-01-20 09:42:51','บริการยืมระหว่างห้องสมุด',28,1,'unit_menu',39,3,'เจ้าหน้าที่ผู้ดูแลระบบ CMU','183.88.217.77'),('2021-01-20','2021-01-20 09:43:22','บริการให้ยืมอุปกรณ์ ',29,1,'unit_menu',39,3,'เจ้าหน้าที่ผู้ดูแลระบบ CMU','183.88.217.77'),('2021-01-20','2021-01-20 09:43:35','บริการสำหรับนักศึกษาพิการ',30,1,'unit_menu',39,3,'เจ้าหน้าที่ผู้ดูแลระบบ CMU','183.88.217.77'),('2021-01-20','2021-01-20 09:43:51','การเสนอซื้อหนังสือ',31,1,'unit_menu',39,3,'เจ้าหน้าที่ผู้ดูแลระบบ CMU','183.88.217.77'),('2021-01-20','2021-01-20 09:44:32','บริการยืมคืน',6,2,'sub_menu',38,3,'เจ้าหน้าที่ผู้ดูแลระบบ CMU','183.88.217.77'),('2021-01-20','2021-01-20 09:44:35','บริการนำส่งหนังสือ(D.D)',20,0,'sub_menu',38,3,'เจ้าหน้าที่ผู้ดูแลระบบ CMU','183.88.217.77'),('2021-01-20','2021-01-20 09:44:52','บริการจองทรัพยากร',7,2,'sub_menu',38,3,'เจ้าหน้าที่ผู้ดูแลระบบ CMU','183.88.217.77'),('2021-01-20','2021-01-20 09:45:27','สำหรับบุคคลภายนอก',32,0,'sub_menu',36,3,'เจ้าหน้าที่ผู้ดูแลระบบ CMU','183.88.217.77'),('2021-01-20','2021-01-20 09:45:36','บริการห้องค้นคว้า',8,2,'sub_menu',37,3,'เจ้าหน้าที่ผู้ดูแลระบบ CMU','183.88.217.77'),('2021-01-20','2021-01-20 09:45:42','การเข้าใช้บริการห้องสมุด',9,1,'sub_menu',37,3,'เจ้าหน้าที่ผู้ดูแลระบบ CMU','183.88.217.77'),('2021-01-20','2021-01-20 09:45:53','บริการนำชมห้องสมุด',10,1,'sub_menu',37,3,'เจ้าหน้าที่ผู้ดูแลระบบ CMU','183.88.217.77'),('2021-01-20','2021-01-20 09:47:10','การเข้าใช้บริการห้องสมุด',33,1,'unit_menu',39,3,'เจ้าหน้าที่ผู้ดูแลระบบ CMU','183.88.217.77'),('2021-01-20','2021-01-20 09:47:24','สมัครสมาชิก',34,1,'unit_menu',39,3,'เจ้าหน้าที่ผู้ดูแลระบบ CMU','183.88.217.77'),('2021-01-20','2021-01-20 09:47:34','บริการอื่น ๆ',35,0,'sub_menu',36,3,'เจ้าหน้าที่ผู้ดูแลระบบ CMU','183.88.217.77'),('2021-01-20','2021-01-20 09:47:59','บริการนำชมห้องสมุด',36,1,'unit_menu',39,3,'เจ้าหน้าที่ผู้ดูแลระบบ CMU','183.88.217.77'),('2021-01-20','2021-01-20 09:48:13','การรับบริจาคหนังสือ',37,1,'unit_menu',39,3,'เจ้าหน้าที่ผู้ดูแลระบบ CMU','183.88.217.77'),('2021-01-20','2021-01-20 09:48:37','บริการเช่าห้องประชุมและห้องปฏิบัติการคอมพิวเตอร์',38,2,'unit_menu',39,3,'เจ้าหน้าที่ผู้ดูแลระบบ CMU','183.88.217.77'),('2021-01-20','2021-01-20 09:48:48','การรับบริจาคหนังสือ',37,1,'unit_menu',40,3,'เจ้าหน้าที่ผู้ดูแลระบบ CMU','183.88.217.77'),('2021-01-20','2021-01-20 09:49:27','บริการห้องค้นคว้า',8,2,'sub_menu',37,3,'เจ้าหน้าที่ผู้ดูแลระบบ CMU','183.88.217.77'),('2021-01-20','2021-01-20 09:51:50','impact factor',39,2,'unit_menu',39,3,'เจ้าหน้าที่ผู้ดูแลระบบ CMU','183.88.217.77'),('2021-01-20','2021-01-20 09:52:24','h-index & Quartile',40,2,'unit_menu',39,3,'เจ้าหน้าที่ผู้ดูแลระบบ CMU','183.88.217.77'),('2021-01-20','2021-01-20 09:53:36','Beall’s list',41,2,'sub_menu',36,3,'เจ้าหน้าที่ผู้ดูแลระบบ CMU','183.88.217.77'),('2021-01-20','2021-01-20 09:54:38','DOAJ (Directory of Open Access Journals) ',42,2,'unit_menu',39,3,'เจ้าหน้าที่ผู้ดูแลระบบ CMU','183.88.217.77'),('2021-01-20','2021-01-20 09:55:00','Open Access Journals',43,2,'unit_menu',39,3,'เจ้าหน้าที่ผู้ดูแลระบบ CMU','183.88.217.77'),('2021-01-20','2021-01-20 09:55:24','สหบรรณานุกรมของห้องสมุดสถาบันอุดมศึกษาไทย',44,0,'sub_menu',36,3,'เจ้าหน้าที่ผู้ดูแลระบบ CMU','183.88.217.77'),('2021-01-20','2021-01-20 09:55:43','สหบรรณานุกรมของห้องสมุดสถาบันอุดมศึกษาไทย',44,0,'sub_menu',37,3,'เจ้าหน้าที่ผู้ดูแลระบบ CMU','183.88.217.77'),('2021-01-20','2021-01-20 09:56:39','ฐานข้อมูลวารสารในประเทศไทย',13,0,'sub_menu',37,3,'เจ้าหน้าที่ผู้ดูแลระบบ CMU','183.88.217.77'),('2021-01-20','2021-01-20 09:57:14','ฐานข้อมูลวารสารในประเทศไทย',13,2,'sub_menu',37,3,'เจ้าหน้าที่ผู้ดูแลระบบ CMU','183.88.217.77'),('2021-01-20','2021-01-20 09:57:41','ฐานข้อมูลเอกสารฉบับเต็มของห้องสมุดสถาบันอุดมศึกษาไทย',45,2,'sub_menu',36,3,'เจ้าหน้าที่ผู้ดูแลระบบ CMU','183.88.217.77'),('2021-01-20','2021-01-20 09:58:16','เครื่องมือช่วยค้นหาวารสารที่เหมาะสมในการส่งตีพิมพ์',46,0,'sub_menu',36,3,'เจ้าหน้าที่ผู้ดูแลระบบ CMU','183.88.217.77'),('2021-01-20','2021-01-20 09:58:36','Elsevier Journal Finder',47,2,'unit_menu',39,3,'เจ้าหน้าที่ผู้ดูแลระบบ CMU','183.88.217.77'),('2021-01-20','2021-01-20 09:58:58','Springer Journal Suggester',48,2,'unit_menu',39,3,'เจ้าหน้าที่ผู้ดูแลระบบ CMU','183.88.217.77'),('2021-01-20','2021-01-20 09:59:16','Wiley Journal Finder',49,2,'unit_menu',39,3,'เจ้าหน้าที่ผู้ดูแลระบบ CMU','183.88.217.77'),('2021-01-20','2021-01-20 09:59:38','IEEE Publication Recommender',50,2,'unit_menu',39,3,'เจ้าหน้าที่ผู้ดูแลระบบ CMU','183.88.217.77'),('2021-01-20','2021-01-20 09:59:57','Taylor & Francis Journal Suggester',51,2,'unit_menu',39,3,'เจ้าหน้าที่ผู้ดูแลระบบ CMU','183.88.217.77'),('2021-01-20','2021-01-20 10:00:17','๋JANE',52,2,'unit_menu',39,3,'เจ้าหน้าที่ผู้ดูแลระบบ CMU','183.88.217.77'),('2021-01-20','2021-01-20 10:00:58','เข้าสู่ระบบไม่สำเร็จ',0,0,'login',3,0,'บุคคลภายนอก','183.88.217.77'),('2021-01-20','2021-01-20 10:00:58','เข้าสู่ระบบไม่สำเร็จ',0,0,'login',3,0,'บุคคลภายนอก','183.88.217.77'),('2021-01-20','2021-01-20 10:01:03','เข้าสู่ระบบ',0,0,'login',1,3,'เจ้าหน้าที่ผู้ดูแลระบบ CMU','183.88.217.77'),('2021-01-20','2021-01-20 10:01:17','โปรแกรมจัดการบรรณานุกรม',15,1,'unit_menu',40,3,'เจ้าหน้าที่ผู้ดูแลระบบ CMU','183.88.217.77'),('2021-01-20','2021-01-20 10:01:33','เครื่องมือตรวจสอบการคัดลอกผลงานทางวิชาการ',16,1,'unit_menu',40,3,'เจ้าหน้าที่ผู้ดูแลระบบ CMU','183.88.217.77'),('2021-01-20','2021-01-20 10:01:58','Beall’s list',41,2,'sub_menu',37,3,'เจ้าหน้าที่ผู้ดูแลระบบ CMU','183.88.217.77'),('2021-01-20','2021-01-20 10:02:15','Beall’s list',41,1,'sub_menu',37,3,'เจ้าหน้าที่ผู้ดูแลระบบ CMU','183.88.217.77'),('2021-01-20','2021-01-20 10:03:23','เข้าสู่ระบบ',0,0,'login',1,3,'เจ้าหน้าที่ผู้ดูแลระบบ CMU','183.88.217.77'),('2021-01-20','2021-01-20 10:03:34','สหบรรณานุกรมของห้องสมุดสถาบันอุดมศึกษาไทย',44,2,'sub_menu',37,3,'เจ้าหน้าที่ผู้ดูแลระบบ CMU','183.88.217.77'),('2021-01-20','2021-01-20 10:03:51','ฐานข้อมูลวารสารในประเทศไทย',13,2,'sub_menu',37,3,'เจ้าหน้าที่ผู้ดูแลระบบ CMU','183.88.217.77'),('2021-01-20','2021-01-20 10:03:52','ออกจากระบบ',0,0,'login',2,3,'เจ้าหน้าที่ผู้ดูแลระบบ CMU','183.88.217.77'),('2021-01-20','2021-01-20 10:04:06','ฐานข้อมูลเอกสารฉบับเต็มของห้องสมุดสถาบันอุดมศึกษาไทย',45,2,'sub_menu',37,3,'เจ้าหน้าที่ผู้ดูแลระบบ CMU','183.88.217.77'),('2021-01-20','2021-01-20 10:05:40','Lanna Heritage Digital Collection',53,0,'sub_menu',36,3,'เจ้าหน้าที่ผู้ดูแลระบบ CMU','183.88.217.77'),('2021-01-20','2021-01-20 10:06:09','Lanna Heritage Digital Collection',54,1,'unit_menu',39,3,'เจ้าหน้าที่ผู้ดูแลระบบ CMU','183.88.217.77'),('2021-01-20','2021-01-20 10:06:38','ฐานข้อมูลอาหารล้านนา',55,1,'unit_menu',39,3,'เจ้าหน้าที่ผู้ดูแลระบบ CMU','183.88.217.77'),('2021-01-20','2021-01-20 10:07:26','ฐานข้อมูลภาพล้านนาในอดีต',56,1,'unit_menu',39,3,'เจ้าหน้าที่ผู้ดูแลระบบ CMU','183.88.217.77'),('2021-01-20','2021-01-20 10:08:07','ฐานข้อมูลประเพณีล้านนา',57,1,'unit_menu',39,3,'เจ้าหน้าที่ผู้ดูแลระบบ CMU','183.88.217.77'),('2021-01-20','2021-01-20 10:08:35','ฐานข้อมูลเครื่องเขินล้านนา',58,1,'unit_menu',39,3,'เจ้าหน้าที่ผู้ดูแลระบบ CMU','183.88.217.77'),('2021-01-20','2021-01-20 10:08:57','ฐานข้อมูลวรรณกรรมขับขาน',59,1,'unit_menu',39,3,'เจ้าหน้าที่ผู้ดูแลระบบ CMU','183.88.217.77'),('2021-01-20','2021-01-20 10:09:45','ฐานข้อมูลเครื่องปั้นดินเผาล้านนา',60,1,'unit_menu',39,3,'เจ้าหน้าที่ผู้ดูแลระบบ CMU','183.88.217.77'),('2021-01-20','2021-01-20 10:10:15','Lanna Book Collection',61,1,'sub_menu',36,3,'เจ้าหน้าที่ผู้ดูแลระบบ CMU','183.88.217.77'),('2021-01-20','2021-01-20 10:15:05','ประวัติสำนักหอสมุด มหาวิทยาลัยเชียงใหม่/ Background',62,1,'sub_menu',36,3,'เจ้าหน้าที่ผู้ดูแลระบบ CMU','183.88.217.77'),('2021-01-20','2021-01-20 10:15:23','ประวัติสำนักหอสมุด มหาวิทยาลัยเชียงใหม่/ Background',62,1,'sub_menu',37,3,'เจ้าหน้าที่ผู้ดูแลระบบ CMU','183.88.217.77'),('2021-01-20','2021-01-20 10:15:50','โครงสร้างการบริหาร',63,2,'sub_menu',36,3,'เจ้าหน้าที่ผู้ดูแลระบบ CMU','183.88.217.77'),('2021-01-20','2021-01-20 10:16:14','วิสัยทัศน์ พันธกิจ ยุทธศาสตร์สำนักหอสมุด',64,1,'sub_menu',36,3,'เจ้าหน้าที่ผู้ดูแลระบบ CMU','183.88.217.77'),('2021-01-20','2021-01-20 10:16:47','ค่านิยมหลักของสำนักหอสมุด มช.',65,1,'sub_menu',36,3,'เจ้าหน้าที่ผู้ดูแลระบบ CMU','183.88.217.77'),('2021-01-20','2021-01-20 10:17:34','สัญลักษณ์สำนักหอสมุด',67,0,'sub_menu',36,3,'เจ้าหน้าที่ผู้ดูแลระบบ CMU','183.88.217.77'),('2021-01-20','2021-01-20 10:18:21','สัญลักษณ์สำนักหอสมุด',67,0,'sub_menu',37,3,'เจ้าหน้าที่ผู้ดูแลระบบ CMU','183.88.217.77'),('2021-01-20','2021-01-20 10:19:35','คณะผู้บริหาร',68,0,'sub_menu',36,3,'เจ้าหน้าที่ผู้ดูแลระบบ CMU','183.88.217.77'),('2021-01-20','2021-01-20 10:19:53','บุคลากร',69,2,'sub_menu',36,3,'เจ้าหน้าที่ผู้ดูแลระบบ CMU','183.88.217.77'),('2021-01-20','2021-01-20 10:20:06','การจัดการความรู้ภายในองค์กร',70,0,'sub_menu',36,3,'เจ้าหน้าที่ผู้ดูแลระบบ CMU','183.88.217.77'),('2021-01-20','2021-01-20 10:20:25','ติดต่อ',71,0,'sub_menu',36,3,'เจ้าหน้าที่ผู้ดูแลระบบ CMU','183.88.217.77'),('2021-01-20','2021-01-20 10:21:34','เข้าสู่ระบบ',0,0,'login',1,3,'เจ้าหน้าที่ผู้ดูแลระบบ CMU','183.88.217.77'),('2021-01-20','2021-01-20 10:23:11','ทดสอบกิจกรรมปฏิทิน',1,0,'calendar',60,3,'เจ้าหน้าที่ผู้ดูแลระบบ CMU','183.88.217.77'),('2021-01-20','2021-01-20 10:24:05','ทดสอบกิจกรรมปฏิทิน',1,0,'calendar',61,3,'เจ้าหน้าที่ผู้ดูแลระบบ CMU','183.88.217.77'),('2021-01-20','2021-01-20 10:24:09','ทดสอบกิจกรรมปฏิทิน',1,0,'calendar',61,3,'เจ้าหน้าที่ผู้ดูแลระบบ CMU','183.88.217.77'),('2021-01-20','2021-01-20 10:24:22','ทดสอบกิจกรรมปฏิทิน',1,0,'calendar',61,3,'เจ้าหน้าที่ผู้ดูแลระบบ CMU','183.88.217.77'),('2021-01-20','2021-01-20 10:24:24','ทดสอบกิจกรรมปฏิทิน',1,0,'calendar',61,3,'เจ้าหน้าที่ผู้ดูแลระบบ CMU','183.88.217.77'),('2021-01-20','2021-01-20 10:24:36','ทดสอบกิจกรรมปฏิทิน',1,0,'calendar',61,3,'เจ้าหน้าที่ผู้ดูแลระบบ CMU','183.88.217.77'),('2021-01-20','2021-01-20 10:24:40','ทดสอบกิจกรรมปฏิทิน',1,0,'calendar',61,3,'เจ้าหน้าที่ผู้ดูแลระบบ CMU','183.88.217.77'),('2021-01-20','2021-01-20 10:25:02','ทดสอบกิจกรรมปฏิทิน',1,0,'calendar',61,3,'เจ้าหน้าที่ผู้ดูแลระบบ CMU','183.88.217.77'),('2021-01-20','2021-01-20 10:25:15','ทดสอบกิจกรรมปฏิทิน',1,0,'calendar',61,3,'เจ้าหน้าที่ผู้ดูแลระบบ CMU','183.88.217.77'),('2021-01-20','2021-01-20 10:25:57','บริการยืมคืน',23,1,'unit_menu',40,3,'เจ้าหน้าที่ผู้ดูแลระบบ CMU','183.88.217.77'),('2021-01-20','2021-01-20 10:27:21','บริการห้องค้นคว้า',8,2,'sub_menu',38,3,'เจ้าหน้าที่ผู้ดูแลระบบ CMU','183.88.217.77'),('2021-01-20','2021-01-20 10:27:31','บริการห้องค้นคว้า',26,1,'unit_menu',40,3,'เจ้าหน้าที่ผู้ดูแลระบบ CMU','183.88.217.77'),('2021-01-20','2021-01-20 10:28:27','เข้าสู่ระบบ',0,0,'login',1,3,'เจ้าหน้าที่ผู้ดูแลระบบ CMU','183.88.217.77'),('2021-01-20','2021-01-20 10:28:29','เข้าสู่ระบบ',0,0,'login',1,3,'เจ้าหน้าที่ผู้ดูแลระบบ CMU','183.88.217.77'),('2021-01-20','2021-01-20 10:28:40','การเข้าใช้บริการห้องสมุด',33,1,'unit_menu',40,3,'เจ้าหน้าที่ผู้ดูแลระบบ CMU','183.88.217.77'),('2021-01-20','2021-01-20 10:28:48','การเข้าใช้บริการห้องสมุด',9,1,'sub_menu',38,3,'เจ้าหน้าที่ผู้ดูแลระบบ CMU','183.88.217.77'),('2021-01-20','2021-01-20 10:29:14','ติดต่อเรา ',2,0,'menu_top',64,3,'เจ้าหน้าที่ผู้ดูแลระบบ CMU','183.88.217.77'),('2021-01-20','2021-01-20 10:30:28','บริการนำชมห้องสมุด',36,1,'unit_menu',40,3,'เจ้าหน้าที่ผู้ดูแลระบบ CMU','183.88.217.77'),('2021-01-20','2021-01-20 10:30:33','บริการนำชมห้องสมุด',10,1,'sub_menu',38,3,'เจ้าหน้าที่ผู้ดูแลระบบ CMU','183.88.217.77'),('2021-01-20','2021-01-20 10:31:00','ติดต่อเรา ',2,1,'menu_top',64,3,'เจ้าหน้าที่ผู้ดูแลระบบ CMU','183.88.217.77'),('2021-01-20','2021-01-20 10:31:18','บริการนำส่งหนังสือ(D.D)',24,1,'unit_menu',40,3,'เจ้าหน้าที่ผู้ดูแลระบบ CMU','183.88.217.77'),('2021-01-20','2021-01-20 10:31:42','บริการจองทรัพยากร',25,1,'unit_menu',40,3,'เจ้าหน้าที่ผู้ดูแลระบบ CMU','183.88.217.77'),('2021-01-20','2021-01-20 10:32:21','บริการแจ้งเตือน SMS',27,1,'unit_menu',40,3,'เจ้าหน้าที่ผู้ดูแลระบบ CMU','183.88.217.77'),('2021-01-20','2021-01-20 10:32:53','บริการยืมระหว่างห้องสมุด',28,1,'unit_menu',40,3,'เจ้าหน้าที่ผู้ดูแลระบบ CMU','183.88.217.77'),('2021-01-20','2021-01-20 10:33:11','บริการให้ยืมอุปกรณ์ ',29,1,'unit_menu',40,3,'เจ้าหน้าที่ผู้ดูแลระบบ CMU','183.88.217.77'),('2021-01-20','2021-01-20 10:33:29','บริการสำหรับนักศึกษาพิการ',30,1,'unit_menu',40,3,'เจ้าหน้าที่ผู้ดูแลระบบ CMU','183.88.217.77'),('2021-01-20','2021-01-20 10:33:49','การเสนอซื้อหนังสือ',31,1,'unit_menu',40,3,'เจ้าหน้าที่ผู้ดูแลระบบ CMU','183.88.217.77'),('2021-01-20','2021-01-20 10:34:17','สมัครสมาชิก',34,1,'unit_menu',40,3,'เจ้าหน้าที่ผู้ดูแลระบบ CMU','183.88.217.77'),('2021-01-20','2021-01-20 10:35:33','บัญชีของฉัน',1,0,'menu_top',64,3,'เจ้าหน้าที่ผู้ดูแลระบบ CMU','183.88.217.77'),('2021-01-20','2021-01-20 10:35:37','ติดต่อเรา ',2,1,'menu_top',64,3,'เจ้าหน้าที่ผู้ดูแลระบบ CMU','183.88.217.77'),('2021-01-20','2021-01-20 10:36:59','อาคารเฉลิมพระเกียรติ 7 รอบ พระชนมพรรษา มหาวิทยาลัยเชียงใหม่',72,1,'sub_menu',36,3,'เจ้าหน้าที่ผู้ดูแลระบบ CMU','183.88.217.77'),('2021-01-20','2021-01-20 10:37:25','ติดต่อเรา ',2,1,'menu_top',64,3,'เจ้าหน้าที่ผู้ดูแลระบบ CMU','183.88.217.77'),('2021-01-20','2021-01-20 10:37:31','ติดต่อเรา ',2,1,'menu_top',64,3,'เจ้าหน้าที่ผู้ดูแลระบบ CMU','183.88.217.77'),('2021-01-20','2021-01-20 10:37:34','ข้อเสนอแนะ',3,0,'menu_top',64,3,'เจ้าหน้าที่ผู้ดูแลระบบ CMU','183.88.217.77'),('2021-01-20','2021-01-20 10:37:42','หอประวัติมหาวิทยาลัยเชียงใหม่ (หอศิลป์ปิ่นมาลา)',73,1,'sub_menu',36,3,'เจ้าหน้าที่ผู้ดูแลระบบ CMU','183.88.217.77'),('2021-01-20','2021-01-20 10:38:21','Rare Collection',74,0,'sub_menu',36,3,'เจ้าหน้าที่ผู้ดูแลระบบ CMU','183.88.217.77'),('2021-01-20','2021-01-20 10:38:43','ฐานข้อมูลเอกสารมรดก',75,1,'unit_menu',39,3,'เจ้าหน้าที่ผู้ดูแลระบบ CMU','183.88.217.77'),('2021-01-20','2021-01-20 10:39:08','หนังสือหายาก',76,1,'unit_menu',39,3,'เจ้าหน้าที่ผู้ดูแลระบบ CMU','183.88.217.77'),('2021-01-20','2021-01-20 10:39:30','โน้ตเพลงไทย',77,1,'unit_menu',39,3,'เจ้าหน้าที่ผู้ดูแลระบบ CMU','183.88.217.77'),('2021-01-20','2021-01-20 10:39:51','วารสารหายาก',78,1,'unit_menu',39,3,'เจ้าหน้าที่ผู้ดูแลระบบ CMU','183.88.217.77'),('2021-01-20','2021-01-20 10:40:13','หนังสือพิมพ์หายาก',79,1,'unit_menu',39,3,'เจ้าหน้าที่ผู้ดูแลระบบ CMU','183.88.217.77'),('2021-01-20','2021-01-20 10:40:33','แผนที่',80,1,'unit_menu',39,3,'เจ้าหน้าที่ผู้ดูแลระบบ CMU','183.88.217.77'),('2021-01-20','2021-01-20 10:40:53','Archives Collection',81,0,'sub_menu',36,3,'เจ้าหน้าที่ผู้ดูแลระบบ CMU','183.88.217.77'),('2021-01-20','2021-01-20 10:41:17','จดหมายเหตุ มหาวิทยาลัยเชียงใหม่',82,1,'unit_menu',39,3,'เจ้าหน้าที่ผู้ดูแลระบบ CMU','183.88.217.77'),('2021-01-20','2021-01-20 10:41:40','จดหมายเหตุ สำนักหอสมุดมหาวิทยาลัยเชียงใหม่',83,1,'unit_menu',39,3,'เจ้าหน้าที่ผู้ดูแลระบบ CMU','183.88.217.77'),('2021-01-20','2021-01-20 10:44:06','A to Z',84,2,'sub_menu',36,3,'เจ้าหน้าที่ผู้ดูแลระบบ CMU','183.88.217.77'),('2021-01-20','2021-01-20 10:44:54','AAP-American Academy of Pediatrics',85,1,'sub_menu',36,3,'เจ้าหน้าที่ผู้ดูแลระบบ CMU','183.88.217.77'),('2021-01-20','2021-01-20 10:45:11','A to Z',84,2,'sub_menu',37,3,'เจ้าหน้าที่ผู้ดูแลระบบ CMU','183.88.217.77'),('2021-01-20','2021-01-20 10:45:36','Academic OneFile Select',17,1,'sub_menu',37,3,'เจ้าหน้าที่ผู้ดูแลระบบ CMU','183.88.217.77'),('2021-01-20','2021-01-20 10:46:11','Academic Search  Complete ',18,1,'sub_menu',37,3,'เจ้าหน้าที่ผู้ดูแลระบบ CMU','183.88.217.77'),('2021-01-20','2021-01-20 10:46:38','ACM Digital Library',19,1,'sub_menu',37,3,'เจ้าหน้าที่ผู้ดูแลระบบ CMU','183.88.217.77'),('2021-01-20','2021-01-20 10:47:13','ACS Publications',86,1,'sub_menu',36,3,'เจ้าหน้าที่ผู้ดูแลระบบ CMU','183.88.217.77'),('2021-01-20','2021-01-20 10:47:51','Access Based Model of Wiley Medical Journal ',87,1,'sub_menu',36,3,'เจ้าหน้าที่ผู้ดูแลระบบ CMU','183.88.217.77'),('2021-01-20','2021-01-20 10:48:32','Access Medicine:McGraw – Hill',88,1,'sub_menu',36,3,'เจ้าหน้าที่ผู้ดูแลระบบ CMU','183.88.217.77'),('2021-01-20','2021-01-20 10:49:03','Annual Reviews ',89,1,'sub_menu',36,3,'เจ้าหน้าที่ผู้ดูแลระบบ CMU','183.88.217.77'),('2021-01-20','2021-01-20 10:49:40','Applied Science & Technology Source Ultimate',90,1,'sub_menu',36,3,'เจ้าหน้าที่ผู้ดูแลระบบ CMU','183.88.217.77'),('2021-01-20','2021-01-20 10:53:01','สัญลักษณ์สำนักหอสมุด',91,0,'sub_menu',36,3,'เจ้าหน้าที่ผู้ดูแลระบบ CMU','183.88.217.77'),('2021-01-20','2021-01-20 10:53:07','สัญลักษณ์สำนักหอสมุด',91,0,'sub_menu',38,3,'เจ้าหน้าที่ผู้ดูแลระบบ CMU','183.88.217.77'),('2021-01-20','2021-01-20 10:58:02','Beall',92,1,'unit_menu',39,3,'เจ้าหน้าที่ผู้ดูแลระบบ CMU','183.88.217.77'),('2021-01-20','2021-01-20 10:58:11','Beall',92,1,'unit_menu',41,3,'เจ้าหน้าที่ผู้ดูแลระบบ CMU','183.88.217.77'),('2021-01-20','2021-01-20 11:02:37','สัญลักษณ์สำนักหอสมุด The Library\'s Logo',66,0,'sub_menu',37,3,'เจ้าหน้าที่ผู้ดูแลระบบ CMU','183.88.217.77'),('2021-01-20','2021-01-20 11:06:19','เข้าสู่ระบบ',0,0,'login',1,3,'เจ้าหน้าที่ผู้ดูแลระบบ CMU','183.88.217.77'),('2021-01-20','2021-01-20 11:11:36','สัญลักษณ์สำนักหอสมุด The Library\'s Logo',66,0,'sub_menu',37,3,'เจ้าหน้าที่ผู้ดูแลระบบ CMU','183.88.217.77'),('2021-01-20','2021-01-20 11:21:50','ฐานข้อมูลเอกสารฉบับเต็มของห้องสมุดสถาบันอุดมศึกษาไทย',45,2,'sub_menu',37,3,'เจ้าหน้าที่ผู้ดูแลระบบ CMU','183.88.217.77'),('2021-01-20','2021-01-20 11:22:57','โปรแกรมจัดการบรรณานุกรม',15,2,'unit_menu',40,3,'เจ้าหน้าที่ผู้ดูแลระบบ CMU','183.88.217.77'),('2021-01-20','2021-01-20 11:23:03','เครื่องมือตรวจสอบการคัดลอกผลงานทางวิชาการ',16,2,'unit_menu',40,3,'เจ้าหน้าที่ผู้ดูแลระบบ CMU','183.88.217.77'),('2021-01-20','2021-01-20 11:23:40','Beall’s list',41,2,'sub_menu',37,3,'เจ้าหน้าที่ผู้ดูแลระบบ CMU','183.88.217.77'),('2021-01-20','2021-01-20 11:24:20','DOAJ (Directory of Open Access Journals) ',42,2,'unit_menu',40,3,'เจ้าหน้าที่ผู้ดูแลระบบ CMU','183.88.217.77'),('2021-01-20','2021-01-20 11:24:43','สหบรรณานุกรมของห้องสมุดสถาบันอุดมศึกษาไทย',44,2,'sub_menu',37,3,'เจ้าหน้าที่ผู้ดูแลระบบ CMU','183.88.217.77'),('2021-01-20','2021-01-20 11:30:21','ประวัติสำนักหอสมุด มหาวิทยาลัยเชียงใหม่',62,1,'sub_menu',37,3,'เจ้าหน้าที่ผู้ดูแลระบบ CMU','183.88.217.77'),('2021-01-20','2021-01-20 11:31:03','ประวัติสำนักหอสมุด มหาวิทยาลัยเชียงใหม่',62,1,'sub_menu',37,3,'เจ้าหน้าที่ผู้ดูแลระบบ CMU','183.88.217.77'),('2021-01-20','2021-01-20 11:31:18','ประวัติสำนักหอสมุด มหาวิทยาลัยเชียงใหม่',62,1,'sub_menu',37,3,'เจ้าหน้าที่ผู้ดูแลระบบ CMU','183.88.217.77'),('2021-01-20','2021-01-20 11:31:32','ประวัติสำนักหอสมุด มหาวิทยาลัยเชียงใหม่',62,1,'sub_menu',37,3,'เจ้าหน้าที่ผู้ดูแลระบบ CMU','183.88.217.77'),('2021-01-20','2021-01-20 11:33:34','วิสัยทัศน์ พันธกิจ ยุทธศาสตร์สำนักหอสมุด',64,1,'sub_menu',37,3,'เจ้าหน้าที่ผู้ดูแลระบบ CMU','183.88.217.77'),('2021-01-20','2021-01-20 11:37:38','๋JANE',52,2,'unit_menu',40,3,'เจ้าหน้าที่ผู้ดูแลระบบ CMU','183.88.217.77'),('2021-01-20','2021-01-20 11:39:33','ทดสอบกิจกรรมปฏิทิน',1,0,'calendar',61,3,'เจ้าหน้าที่ผู้ดูแลระบบ CMU','183.88.217.77'),('2021-01-20','2021-01-20 11:39:40','ทดสอบกิจกรรมปฏิทิน',1,0,'calendar',61,3,'เจ้าหน้าที่ผู้ดูแลระบบ CMU','183.88.217.77'),('2021-01-20','2021-01-20 11:41:42','Jane Biosemantics',52,2,'unit_menu',40,3,'เจ้าหน้าที่ผู้ดูแลระบบ CMU','183.88.217.77'),('2021-01-20','2021-01-20 11:42:15','ติดต่อ',71,0,'sub_menu',37,3,'เจ้าหน้าที่ผู้ดูแลระบบ CMU','183.88.217.77'),('2021-01-20','2021-01-20 11:44:49','ทดสอบกิจกรรมปฏิทิน',1,0,'calendar',61,3,'เจ้าหน้าที่ผู้ดูแลระบบ CMU','183.88.217.77'),('2021-01-20','2021-01-20 11:45:36','มาตการช่วยเหลือสมาชิกห้องสมุด ในสถานการณ์เฝ้าระวังและป้องกันการแพร่ระบาดของโรคติดเชื้อไวรัสโคโรน่า 2019 (COVID-19)',2,0,'calendar',60,3,'เจ้าหน้าที่ผู้ดูแลระบบ CMU','183.88.217.77'),('2021-01-20','2021-01-20 11:46:57','รับสมัครบัณฑิตระดับปริญญาโท-เอก คณะการสื่อสารมวลชน พร้อมโอกาสรับทุนการศึกษาตลอดหลักสูตร* หมดเขต 25 เมษายน 2564 นี้',3,0,'calendar',60,3,'เจ้าหน้าที่ผู้ดูแลระบบ CMU','183.88.217.77'),('2021-01-20','2021-01-20 11:48:10','ประเพณีไหว้ครู',1,0,'calendar',61,3,'เจ้าหน้าที่ผู้ดูแลระบบ CMU','183.88.217.77'),('2021-01-20','2021-01-20 11:48:22','รับสมัครบัณฑิตระดับปริญญาโท-เอก คณะการสื่อสารมวลชน พร้อมโอกาสรับทุนการศึกษาตลอดหลักสูตร* หมดเขต 25 เมษายน 2564 นี้',3,0,'calendar',61,3,'เจ้าหน้าที่ผู้ดูแลระบบ CMU','183.88.217.77'),('2021-01-20','2021-01-20 11:49:23','มช. รับสมัคร TCAS รอบที่ 1 ถึง 21 มกราคมนี้',4,0,'calendar',60,3,'เจ้าหน้าที่ผู้ดูแลระบบ CMU','183.88.217.77'),('2021-01-20','2021-01-20 11:58:15','ค่านิยมหลักของสำนักหอสมุด มช.',65,1,'sub_menu',37,3,'เจ้าหน้าที่ผู้ดูแลระบบ CMU','183.88.217.77'),('2021-01-20','2021-01-20 11:58:23','โครงสร้างการบริหาร',63,2,'sub_menu',37,3,'เจ้าหน้าที่ผู้ดูแลระบบ CMU','183.88.217.77'),('2021-01-20','2021-01-20 11:58:40','วิสัยทัศน์ พันธกิจ ยุทธศาสตร์สำนักหอสมุด',64,1,'sub_menu',37,3,'เจ้าหน้าที่ผู้ดูแลระบบ CMU','183.88.217.77'),('2021-01-20','2021-01-20 11:59:03','บุคลากร',69,2,'sub_menu',37,3,'เจ้าหน้าที่ผู้ดูแลระบบ CMU','183.88.217.77'),('2021-01-20','2021-01-20 11:59:09','การจัดการความรู้ภายในองค์กร',70,0,'sub_menu',37,3,'เจ้าหน้าที่ผู้ดูแลระบบ CMU','183.88.217.77'),('2021-01-20','2021-01-20 11:59:37','ติดต่อ',71,1,'sub_menu',37,3,'เจ้าหน้าที่ผู้ดูแลระบบ CMU','183.88.217.77'),('2021-01-20','2021-01-20 12:00:32','สำหรับสมาชิก',21,0,'sub_menu',37,3,'เจ้าหน้าที่ผู้ดูแลระบบ CMU','183.88.217.77'),('2021-01-20','2021-01-20 12:00:36','สำหรับบุคคลภายนอก',32,0,'sub_menu',37,3,'เจ้าหน้าที่ผู้ดูแลระบบ CMU','183.88.217.77'),('2021-01-20','2021-01-20 12:00:41','บริการอื่น ๆ',35,0,'sub_menu',37,3,'เจ้าหน้าที่ผู้ดูแลระบบ CMU','183.88.217.77'),('2021-01-20','2021-01-20 13:48:10','เข้าสู่ระบบ',0,0,'login',1,3,'เจ้าหน้าที่ผู้ดูแลระบบ CMU','49.230.241.9'),('2021-01-20','2021-01-20 14:29:46','เข้าสู่ระบบ',0,0,'login',1,3,'เจ้าหน้าที่ผู้ดูแลระบบ CMU','49.230.243.150'),('2021-01-20','2021-01-20 14:32:17','ประกาศร่าง TOR ซื้อชุดอุปกรณ์บันทึกสื่อ CMU EZ Studio และชุดควบคุมการประชุมทางไกล CMU EZ Conference ระยะที่ 2 (ครั้งที่ 2) ด้วยวิธีประกวดราคาอิเล็กทรอนิกส์ (e-bidding)',6,2,'news',58,3,'เจ้าหน้าที่ผู้ดูแลระบบ CMU','49.230.243.150'),('2021-01-20','2021-01-20 14:32:46','ประกาศร่าง TOR ซื้อชุดอุปกรณ์บันทึกสื่อ CMU EZ Studio และชุดควบคุมการประชุมทางไกล CMU EZ Conference ระยะที่ 2 (ครั้งที่ 2) ด้วยวิธีประกวดราคาอิเล็กทรอนิกส์ (e-bidding)',6,2,'news',58,3,'เจ้าหน้าที่ผู้ดูแลระบบ CMU','49.230.243.150'),('2021-01-20','2021-01-20 14:35:24','ประกาศร่าง TOR ซื้อชุดอุปกรณ์บันทึกสื่อ CMU EZ Studio และชุดควบคุมการประชุมทางไกล CMU EZ Conference ระยะที่ 2 (ครั้งที่ 2) ด้วยวิธีประกวดราคาอิเล็กทรอนิกส์ (e-bidding)',6,2,'news',58,3,'เจ้าหน้าที่ผู้ดูแลระบบ CMU','49.230.241.9'),('2021-01-20','2021-01-20 14:36:06','ประกาศร่าง TOR ซื้อชุดอุปกรณ์บันทึกสื่อ CMU EZ Studio และชุดควบคุมการประชุมทางไกล CMU EZ Conference ระยะที่ 2 (ครั้งที่ 2) ด้วยวิธีประกวดราคาอิเล็กทรอนิกส์ (e-bidding)',6,2,'news',58,3,'เจ้าหน้าที่ผู้ดูแลระบบ CMU','49.230.241.9'),('2021-01-20','2021-01-20 16:04:15','เข้าสู่ระบบ',0,0,'login',1,3,'เจ้าหน้าที่ผู้ดูแลระบบ CMU','183.88.217.77'),('2021-01-20','2021-01-20 16:13:36','เข้าสู่ระบบ',0,0,'login',1,3,'เจ้าหน้าที่ผู้ดูแลระบบ CMU','183.88.217.77'),('2021-01-20','2021-01-20 16:14:46','ประกาศร่าง TOR ซื้อชุดอุปกรณ์บันทึกสื่อ CMU EZ Studio และชุดควบคุมการประชุมทางไกล CMU EZ Conference ระยะที่ 2 (ครั้งที่ 2) ด้วยวิธีประกวดราคาอิเล็กทรอนิกส์ (e-bidding)',6,2,'news',58,3,'เจ้าหน้าที่ผู้ดูแลระบบ CMU','183.88.217.77'),('2021-01-20','2021-01-20 17:09:14','เข้าสู่ระบบ',0,0,'login',1,3,'เจ้าหน้าที่ผู้ดูแลระบบ CMU','183.88.217.77'),('2021-01-20','2021-01-20 17:11:15','Test Online Library Course',1,0,'banner',28,3,'เจ้าหน้าที่ผู้ดูแลระบบ CMU','183.88.217.77'),('2021-01-20','2021-01-20 17:11:25','Test Online Library Course 2',2,0,'banner',28,3,'เจ้าหน้าที่ผู้ดูแลระบบ CMU','183.88.217.77'),('2021-01-20','2021-01-20 17:11:31','Test Online Library Course 3',3,0,'banner',28,3,'เจ้าหน้าที่ผู้ดูแลระบบ CMU','183.88.217.77'),('2021-01-20','2021-01-20 17:13:39','Test Online Library Course',1,0,'banner',28,3,'เจ้าหน้าที่ผู้ดูแลระบบ CMU','183.88.217.77'),('2021-01-20','2021-01-20 17:13:56','Test Online Library Course 2',2,0,'banner',28,3,'เจ้าหน้าที่ผู้ดูแลระบบ CMU','183.88.217.77'),('2021-01-20','2021-01-20 17:14:06','Test Online Library Course 3',3,0,'banner',28,3,'เจ้าหน้าที่ผู้ดูแลระบบ CMU','183.88.217.77'),('2021-01-20','2021-01-20 17:14:16','Test Online Library Course 4',4,0,'banner',28,3,'เจ้าหน้าที่ผู้ดูแลระบบ CMU','183.88.217.77'),('2021-01-20','2021-01-20 17:14:54','Zotero การใช้งานโปรแกรมจัดบรรณานุกรม Zotero',1,0,'banner',28,3,'เจ้าหน้าที่ผู้ดูแลระบบ CMU','183.88.217.77'),('2021-01-20','2021-01-20 17:15:16','Scopus Citations Search การสืบค้นข้อมูลเพื่อสนับสนุนการตีพิมพ์จาก Scopus',2,0,'banner',28,3,'เจ้าหน้าที่ผู้ดูแลระบบ CMU','183.88.217.77'),('2021-01-20','2021-01-20 17:15:30','Web of Science Citations Search การสืบค้นข้อมูลเพื่อสนับสนุนการตีพิมพ์จาก Web of Science',3,0,'banner',28,3,'เจ้าหน้าที่ผู้ดูแลระบบ CMU','183.88.217.77'),('2021-01-20','2021-01-20 17:15:43','TCI Citation Search การสืบค้นผลงานวิจัยและผลงานวิชาการตลอดจนข้อมูลการอ้างอิงของบทความที่ตีพิมพ์ในวารสารวิชาการไทย  ',4,0,'banner',28,3,'เจ้าหน้าที่ผู้ดูแลระบบ CMU','183.88.217.77'),('2021-01-29','2021-01-29 09:13:44','เข้าสู่ระบบ',0,0,'login',1,3,'เจ้าหน้าที่ผู้ดูแลระบบ CMU','192.168.33.1'),('2021-02-01','2021-02-01 11:40:46','เข้าสู่ระบบไม่สำเร็จ',0,0,'login',3,0,'บุคคลภายนอก','192.168.33.1'),('2021-02-01','2021-02-01 11:40:46','เข้าสู่ระบบไม่สำเร็จ',0,0,'login',3,0,'บุคคลภายนอก','192.168.33.1'),('2021-02-01','2021-02-01 11:40:53','เข้าสู่ระบบ',0,0,'login',1,3,'เจ้าหน้าที่ผู้ดูแลระบบ CMU','192.168.33.1'),('2021-02-01','2021-02-01 11:41:08','รับสมัครบุคคลเพื่อคัดเลือกให้ดำรงตำแหน่งหัวหน้าฝ่ายโครงสร้างพื้นฐานเทคโนโลยีสารสนเทศ',1,1,'news',58,3,'เจ้าหน้าที่ผู้ดูแลระบบ CMU','192.168.33.1'),('2021-02-01','2021-02-01 17:06:16','เข้าสู่ระบบ',0,0,'login',1,3,'เจ้าหน้าที่ผู้ดูแลระบบ CMU','192.168.33.1'),('2021-02-02','2021-02-02 10:32:07','เข้าสู่ระบบ',0,0,'login',1,3,'เจ้าหน้าที่ผู้ดูแลระบบ CMU','192.168.33.1'),('2021-02-10','2021-02-10 11:00:02','เข้าสู่ระบบ',0,0,'login',1,3,'เจ้าหน้าที่ผู้ดูแลระบบ CMU','192.168.33.1'),('2021-02-10','2021-02-10 11:06:21','Service',91,0,'menu',33,3,'เจ้าหน้าที่ผู้ดูแลระบบ CMU','192.168.33.1'),('2021-02-10','2021-02-10 11:06:27','Service',91,0,'menu',35,3,'เจ้าหน้าที่ผู้ดูแลระบบ CMU','192.168.33.1'),('2021-02-10','2021-02-10 11:55:04','เข้าสู่ระบบ',0,0,'login',1,3,'เจ้าหน้าที่ผู้ดูแลระบบ CMU','192.168.33.1'),('2021-02-10','2021-02-10 11:55:40','สมาชิกภายนอก',99,0,'group',44,3,'เจ้าหน้าที่ผู้ดูแลระบบ CMU','192.168.33.1'),('2021-02-10','2021-02-10 11:55:44','1111',100,0,'group',42,3,'เจ้าหน้าที่ผู้ดูแลระบบ CMU','192.168.33.1'),('2021-02-16','2021-02-16 13:34:22','เข้าสู่ระบบ',0,0,'login',1,3,'เจ้าหน้าที่ผู้ดูแลระบบ CMU','192.168.33.1'),('2021-02-18','2021-02-18 22:35:40','เข้าสู่ระบบ',0,0,'login',1,3,'เจ้าหน้าที่ผู้ดูแลระบบ CMU','192.168.33.1'),('2021-02-20','2021-02-20 11:50:54','เข้าสู่ระบบ',0,0,'login',1,3,'เจ้าหน้าที่ผู้ดูแลระบบ CMU','192.168.33.1'),('2021-02-20','2021-02-20 11:51:48','รายชื่อผู้มีสิทธิ์เข้ารับการสอบคัดเลือกเข้าเป็นพนักงานมหาวิทยาลัย สายปฏิบัติการ ตำแหน่งพนักงานปฏิบัติงาน',2,1,'news',58,3,'เจ้าหน้าที่ผู้ดูแลระบบ CMU','192.168.33.1'),('2021-02-20','2021-02-20 11:52:24','รายชื่อผู้มีสิทธิ์เข้ารับการสอบคัดเลือกเข้าเป็นพนักงานมหาวิทยาลัย สายปฏิบัติการ ตำแหน่งพนักงานปฏิบัติงาน',2,1,'news',58,3,'เจ้าหน้าที่ผู้ดูแลระบบ CMU','192.168.33.1'),('2021-02-20','2021-02-20 14:42:21','เข้าสู่ระบบ',0,0,'login',1,3,'เจ้าหน้าที่ผู้ดูแลระบบ CMU','192.168.33.1'),('2021-02-20','2021-02-20 14:55:42','Services ',1,0,'menu',34,3,'เจ้าหน้าที่ผู้ดูแลระบบ CMU','192.168.33.1'),('2021-02-20','2021-02-20 15:02:54','Services ',1,1,'menu',34,3,'เจ้าหน้าที่ผู้ดูแลระบบ CMU','192.168.33.1'),('2021-02-20','2021-02-20 15:05:59','safas',5,0,'calendar',60,3,'เจ้าหน้าที่ผู้ดูแลระบบ CMU','192.168.33.1'),('2021-02-20','2021-02-20 15:08:26','222',6,0,'calendar',60,3,'เจ้าหน้าที่ผู้ดูแลระบบ CMU','192.168.33.1'),('2021-02-20','2021-02-20 15:11:50','safas',5,0,'calendar',61,3,'เจ้าหน้าที่ผู้ดูแลระบบ CMU','192.168.33.1'),('2021-02-20','2021-02-20 15:12:09','222',6,0,'calendar',61,3,'เจ้าหน้าที่ผู้ดูแลระบบ CMU','192.168.33.1'),('2021-02-20','2021-02-20 15:12:25','222',6,0,'calendar',61,3,'เจ้าหน้าที่ผู้ดูแลระบบ CMU','192.168.33.1'),('2021-02-20','2021-02-20 15:12:48','222',6,0,'calendar',61,3,'เจ้าหน้าที่ผู้ดูแลระบบ CMU','192.168.33.1'),('2021-02-20','2021-02-20 15:22:36','222',6,0,'calendar',61,3,'เจ้าหน้าที่ผู้ดูแลระบบ CMU','192.168.33.1'),('2021-02-20','2021-02-20 15:22:46','safas',5,0,'calendar',61,3,'เจ้าหน้าที่ผู้ดูแลระบบ CMU','192.168.33.1'),('2021-02-20','2021-02-20 15:28:14','afsa',7,0,'calendar',60,3,'เจ้าหน้าที่ผู้ดูแลระบบ CMU','192.168.33.1'),('2021-02-20','2021-02-20 15:28:41','afsa',7,0,'calendar',62,3,'เจ้าหน้าที่ผู้ดูแลระบบ CMU','192.168.33.1'),('2021-02-20','2021-02-20 15:32:15','fff',8,0,'calendar',60,3,'เจ้าหน้าที่ผู้ดูแลระบบ CMU','192.168.33.1'),('2021-02-20','2021-02-20 15:32:26','fff',8,0,'calendar',61,3,'เจ้าหน้าที่ผู้ดูแลระบบ CMU','192.168.33.1'),('2021-02-20','2021-02-20 15:32:36','aasfsa',9,0,'calendar',60,3,'เจ้าหน้าที่ผู้ดูแลระบบ CMU','192.168.33.1'),('2021-02-20','2021-02-20 16:37:54','บัญชีของฉัน',1,0,'menu_top',64,3,'เจ้าหน้าที่ผู้ดูแลระบบ CMU','192.168.33.1'),('2021-03-08','2021-03-08 10:37:52','เข้าสู่ระบบ',0,0,'login',1,3,'เจ้าหน้าที่ผู้ดูแลระบบ CMU','192.168.33.1'),('2021-03-08','2021-03-08 11:24:13','สำรองข้อมูลระบบ',0,0,'backup',55,3,'เจ้าหน้าที่ผู้ดูแลระบบ CMU','192.168.33.1'),('2021-03-08','2021-03-08 11:24:22','ดาวน์โหลดไฟล์สำรองข้อมูลระบบ',0,0,'backup',56,3,'เจ้าหน้าที่ผู้ดูแลระบบ CMU','192.168.33.1'),('2021-03-08','2021-03-08 11:26:07','สำรองข้อมูลระบบ',0,0,'backup',55,3,'เจ้าหน้าที่ผู้ดูแลระบบ CMU','192.168.33.1'),('2021-03-08','2021-03-08 11:27:39','สำรองข้อมูลระบบ',0,0,'backup',55,3,'เจ้าหน้าที่ผู้ดูแลระบบ CMU','192.168.33.1'),('2021-03-08','2021-03-08 11:29:43','สำรองข้อมูลระบบ',0,0,'backup',55,3,'เจ้าหน้าที่ผู้ดูแลระบบ CMU','192.168.33.1'),('2021-03-08','2021-03-08 11:35:14','สำรองข้อมูลระบบ',0,0,'backup',55,3,'เจ้าหน้าที่ผู้ดูแลระบบ CMU','192.168.33.1'),('2021-03-08','2021-03-08 11:35:18','ดาวน์โหลดไฟล์สำรองข้อมูลระบบ',0,0,'backup',56,3,'เจ้าหน้าที่ผู้ดูแลระบบ CMU','192.168.33.1'),('2021-03-08','2021-03-08 11:36:43','สำรองข้อมูลระบบ',0,0,'backup',55,3,'เจ้าหน้าที่ผู้ดูแลระบบ CMU','192.168.33.1'),('2021-03-08','2021-03-08 11:41:43','สำรองข้อมูลระบบ',0,0,'backup',55,3,'เจ้าหน้าที่ผู้ดูแลระบบ CMU','192.168.33.1'),('2021-03-08','2021-03-08 11:44:20','สำรองข้อมูลระบบ',0,0,'backup',55,3,'เจ้าหน้าที่ผู้ดูแลระบบ CMU','192.168.33.1'),('2021-03-08','2021-03-08 11:45:46','สำรองข้อมูลระบบ',0,0,'backup',55,3,'เจ้าหน้าที่ผู้ดูแลระบบ CMU','192.168.33.1'),('2021-03-08','2021-03-08 11:47:21','สำรองข้อมูลระบบ',0,0,'backup',55,3,'เจ้าหน้าที่ผู้ดูแลระบบ CMU','192.168.33.1'),('2021-03-08','2021-03-08 11:50:54','สำรองข้อมูลระบบ',0,0,'backup',55,3,'เจ้าหน้าที่ผู้ดูแลระบบ CMU','192.168.33.1');
/*!40000 ALTER TABLE `log_action` ENABLE KEYS */;
UNLOCK TABLES;

--
-- Table structure for table `manage_banner`
--

DROP TABLE IF EXISTS `manage_banner`;
/*!40101 SET @saved_cs_client     = @@character_set_client */;
/*!40101 SET character_set_client = utf8 */;
CREATE TABLE `manage_banner` (
  `banner_id` int(11) NOT NULL AUTO_INCREMENT,
  `banner_title` varchar(250) DEFAULT NULL,
  `url` varchar(250) DEFAULT NULL,
  `banner_image` varchar(250) DEFAULT NULL,
  `img_path` varchar(250) DEFAULT NULL,
  `show_status` int(1) DEFAULT NULL,
  `time_create` datetime DEFAULT NULL,
  `s_order` int(11) DEFAULT NULL,
  `banner_title_en` varchar(250) DEFAULT NULL,
  PRIMARY KEY (`banner_id`)
) ENGINE=InnoDB AUTO_INCREMENT=5 DEFAULT CHARSET=utf8;
/*!40101 SET character_set_client = @saved_cs_client */;

--
-- Dumping data for table `manage_banner`
--

LOCK TABLES `manage_banner` WRITE;
/*!40000 ALTER TABLE `manage_banner` DISABLE KEYS */;
INSERT INTO `manage_banner` VALUES (1,'Zotero การใช้งานโปรแกรมจัดบรรณานุกรม Zotero','http://cloud.lib.cmu.ac.th/onlinecourse/course.php?courseID=4','3e8c2879ca5280af1942ca6f970fc866.png','file_upload/module/slide/',1,'2021-01-16 02:58:06',1,NULL),(2,'Scopus Citations Search การสืบค้นข้อมูลเพื่อสนับสนุนการตีพิมพ์จาก Scopus','http://cloud.lib.cmu.ac.th/onlinecourse/course.php?courseID=5','ad343e83aed0bb1d3b80e525f575dca3.png','file_upload/module/slide/',1,'2021-01-16 03:05:37',2,NULL),(3,'Web of Science Citations Search การสืบค้นข้อมูลเพื่อสนับสนุนการตีพิมพ์จาก Web of Science','http://cloud.lib.cmu.ac.th/onlinecourse/course.php?courseID=9','ce981f0a425e64b1abb989039019241e.png','file_upload/module/slide/',1,'2021-01-16 03:06:34',3,NULL),(4,'TCI Citation Search การสืบค้นผลงานวิจัยและผลงานวิชาการตลอดจนข้อมูลการอ้างอิงของบทความที่ตีพิมพ์ในวารสารวิชาการไทย  ','http://cloud.lib.cmu.ac.th/onlinecourse/course.php?courseID=10','cc3b062a69ce12781ed328f78f5c57c1.jpg','file_upload/module/slide/',1,'2021-01-16 03:07:14',4,NULL);
/*!40000 ALTER TABLE `manage_banner` ENABLE KEYS */;
UNLOCK TABLES;

--
-- Table structure for table `manage_book`
--

DROP TABLE IF EXISTS `manage_book`;
/*!40101 SET @saved_cs_client     = @@character_set_client */;
/*!40101 SET character_set_client = utf8 */;
CREATE TABLE `manage_book` (
  `book_id` int(11) NOT NULL AUTO_INCREMENT,
  `book_title` varchar(250) DEFAULT NULL,
  `book_title_en` varchar(250) DEFAULT NULL,
  `author` varchar(250) DEFAULT NULL,
  `author_en` varchar(250) DEFAULT NULL,
  `call_nmbr` varchar(20) DEFAULT NULL,
  `book_image` varchar(250) DEFAULT NULL,
  `img_path` varchar(250) DEFAULT NULL,
  `description` text,
  `description_en` text,
  `show_status` int(1) DEFAULT NULL,
  `time_create` datetime DEFAULT NULL,
  `time_update` datetime DEFAULT NULL,
  `s_order` int(11) DEFAULT NULL,
  PRIMARY KEY (`book_id`)
) ENGINE=InnoDB DEFAULT CHARSET=utf8;
/*!40101 SET character_set_client = @saved_cs_client */;

--
-- Dumping data for table `manage_book`
--

LOCK TABLES `manage_book` WRITE;
/*!40000 ALTER TABLE `manage_book` DISABLE KEYS */;
/*!40000 ALTER TABLE `manage_book` ENABLE KEYS */;
UNLOCK TABLES;

--
-- Table structure for table `manage_menu`
--

DROP TABLE IF EXISTS `manage_menu`;
/*!40101 SET @saved_cs_client     = @@character_set_client */;
/*!40101 SET character_set_client = utf8 */;
CREATE TABLE `manage_menu` (
  `menu_id` int(11) NOT NULL AUTO_INCREMENT,
  `parent_id` int(11) DEFAULT NULL,
  `menu_name` varchar(250) DEFAULT NULL,
  `menu_name_en` varchar(250) DEFAULT NULL,
  `menu_class` varchar(250) DEFAULT NULL,
  `menu_link` text,
  `menu_method` varchar(250) DEFAULT NULL,
  `menu_icon` varchar(0) DEFAULT NULL,
  `description` text,
  `menu_order` int(11) DEFAULT NULL,
  `type_menu` int(1) DEFAULT NULL,
  `show_status` int(1) DEFAULT NULL,
  `module_id` int(11) DEFAULT NULL,
  `description_en` text,
  `time_create` datetime DEFAULT NULL,
  `time_update` datetime DEFAULT NULL,
  `type_date_show` int(1) DEFAULT NULL,
  `date_show_start` datetime DEFAULT NULL,
  `date_show_end` datetime DEFAULT NULL,
  `usage_level` int(1) DEFAULT NULL,
  `type_menu_category` varchar(250) DEFAULT NULL,
  `is_staff` int(1) DEFAULT NULL,
  PRIMARY KEY (`menu_id`)
) ENGINE=InnoDB AUTO_INCREMENT=91 DEFAULT CHARSET=utf8;
/*!40101 SET character_set_client = @saved_cs_client */;

--
-- Dumping data for table `manage_menu`
--

LOCK TABLES `manage_menu` WRITE;
/*!40000 ALTER TABLE `manage_menu` DISABLE KEYS */;
INSERT INTO `manage_menu` VALUES (1,NULL,'Services ','Services ',NULL,'',NULL,NULL,'<a href=\"http://google.co.th\">asfsafsafa</a><br /><br /><br />\r\n<table border=\"1\" style=\"width: 100%; height: 42px;\">\r\n<tbody>\r\n<tr style=\"height: 21px;\">\r\n<td style=\"width: 20%; height: 21px;\">wsww</td>\r\n<td style=\"width: 20%; height: 21px;\"></td>\r\n<td style=\"width: 20%; height: 21px;\">fasfsa</td>\r\n<td style=\"width: 20%; height: 21px;\">fsafsa</td>\r\n<td style=\"width: 20%; height: 21px;\">fsafsa</td>\r\n</tr>\r\n<tr style=\"height: 21px;\">\r\n<td style=\"width: 20%; height: 21px;\">af</td>\r\n<td style=\"width: 20%; height: 21px;\"></td>\r\n<td style=\"width: 20%; height: 21px;\"></td>\r\n<td style=\"width: 20%; height: 21px;\"></td>\r\n<td style=\"width: 20%; height: 21px;\">fsfsa</td>\r\n</tr>\r\n</tbody>\r\n</table>',1,1,1,NULL,'','2021-01-13 14:15:06','2021-02-20 15:02:54',1,NULL,NULL,NULL,'menu',NULL),(2,NULL,'Research Support','Research Support',NULL,'',NULL,NULL,'',2,0,1,NULL,'','2021-01-16 13:58:10','2021-01-16 13:58:10',1,NULL,NULL,1,'menu',NULL),(3,NULL,'e-Resources','e-Resources',NULL,'',NULL,NULL,'',3,0,1,NULL,'','2021-01-16 13:58:35','2021-01-16 13:58:35',1,NULL,NULL,1,'menu',NULL),(4,NULL,'Special Collection','Special Collection',NULL,'',NULL,NULL,'',4,0,1,NULL,'','2021-01-16 13:58:59','2021-01-16 13:58:59',1,NULL,NULL,1,'menu',NULL),(5,NULL,'About','About',NULL,'',NULL,NULL,'สำนักหอสมุด มหาวิทยาลัยเชียงใหม่ เปิดดำเนินการพร้อมกับมหาวิทยาลัยเชียงใหม่ เมื่อวันที่ 19 มิถุนายน 2507 มีฐานะเป็นกองห้องสมุด สังกัดสำนักงานอธิการบดี โดยในระยะเริ่มแรกของการก่อตั้งได้ใช้ส่วนหนึ่งของอาคารภาควิชาเคมี คณะวิทยาศาสตร์เป็นที่ทำการชั่วคราว และ พ.ศ.2511 ได้ย้ายไปอยู่อาคารเอกเทศใกล้กับคณะสังคมศาสตร์ ต่อมาในปี พ.ศ.2519 ได้รับการยกฐานะจากกองห้องสมุดเป็นสำนักหอสมุดและได้รับงบประมาณสร้างอาคารใหม่ เป็นอาคาร 4 ชั้น มีพื้นที่ 8,824 ตารางเมตร เปิดให้บริการในเดือนตุลาคม พ.ศ.2522 ต่อมาอาคารสำนักหอสมุดเริ่มคับแคบ จำนวนที่นั่งสำหรับให้บริการไม่เพียงพอ &nbsp;ประกอบกับสำนักหอสมุดมีเป้าหมายพัฒนาให้เป็นห้องสมุดอิเล็กทรอนิกส์ เพื่อสามารถขยายรูปแบบการให้บริการให้ทันสมัยยิ่งขึ้น &nbsp;จึงได้มีการขยายอาคารโดยเชื่อมต่อกับอาคารเดิมไปทางด้านทิศใต้ &nbsp;เป็นอาคาร 5 ชั้น มีพื้นที่ 6,944 &nbsp;ตารางเมตร และได้เปิดให้บริการส่วนนี้ เมื่อวันที่ 4 มิถุนายน 2544 &nbsp;ดังนั้น ปัจจุบันสำนักหอสมุดมีพื้นที่ทั้งหมด 15,768 ตารางเมตร<br /><br />&nbsp; &nbsp; &nbsp; &nbsp; &nbsp;ในปี 2551 มหาวิทยาลัยเชียงใหม่ได้เปลี่ยนสถานะเป็นมหาวิทยาลัยในกำกับของรัฐ มีการประกาศใช้พระราชบัญญัติมหาวิทยาลัยเชียงใหม่ พ.ศ.2551 เมื่อวันที่ 6 มีนาคม 2551 และตามประกาศมหาวิทยาลัยเชียงใหม่ เรื่อง การจัดตั้งส่วนงานของมหาวิทยาลัยเชียงใหม่ พ.ศ.2551 เมื่อวันที่ 9 มิถุนายน 2551 มีผลให้สำนักหอสมุดได้รับการประกาศเป็นส่วนงานอื่นตามโครงสร้างองค์กรมหาวิทยาลัยเชียงใหม่ &nbsp;ต่อมาในปี 2552 &nbsp;จึงมีการแบ่งหน่วยงานในสำนักหอสมุดใหม่ตามประกาศมหาวิทยาลัยเชียงใหม่ เรื่อง การแบ่งหน่วยงานภายในส่วนงานวิชาการและส่วนงานอื่น (ฉบับที่ 2) ลงวันที่ 28 กุมภาพันธ์ 2552 &nbsp;ประกอบด้วย 1 สำนักงานสำนัก 5 ฝ่าย คือ ฝ่ายบริการทรัพยากรสารนิเทศ ฝ่ายพัฒนาและจัดระบบทรัพยากรสารนิเทศ ฝ่ายห้องสมุดและสารนิเทศสาขาวิทยาศาสตร์และเทคโนโลยี ฝ่ายห้องสมุดและสารนิเทศสาขาวิทยาศาสตร์สุขภาพ &nbsp;และฝ่ายห้องสมุดและสารนิเทศสาขาสังคมศาสตร์และมนุษยศาสตร์<br /><br />&nbsp; &nbsp; &nbsp; &nbsp; &nbsp;ในปี 2553 ได้มีการแบ่งงานในสำนักงานสำนักตามประกาศมหาวิทยาลัยเชียงใหม่ เรื่อง การแบ่งงานในสำนักงานส่วนวิชาการและสำนักงานส่วนงานอื่น &nbsp;ลงวันที่ 16 กรกฎาคม 2553 ประกอบด้วย &nbsp;3 งาน ได้แก่ งานบริหารทั่วไป &nbsp;งานการเงิน การคลังและพัสดุ และงานนโยบายและแผน สำหรับงานในฝ่ายทั้ง 5 ฝ่าย ยังคงแบ่งงานภายในตามประกาศสำนักหอสมุด เมื่อวันที่ 29 พฤษภาคม 2541 วันที่ 6 มิถุนายน 2543 และวันที่ 20 กรกฎาคม 2548',5,1,1,NULL,'','2021-01-16 13:59:15','2021-01-16 14:40:52',1,NULL,NULL,1,'menu',NULL),(11,2,'ดัชนีชี้วัดคุณภาพวารสาร','Journal metrics',NULL,'',NULL,NULL,'',1,0,1,NULL,'','2021-01-16 14:17:30','2021-01-16 14:17:30',1,NULL,NULL,1,'menu',NULL),(12,2,'ฐานข้อมูลวารสารเข้าถึงแบบเปิด','Open Access Journal Database',NULL,'',NULL,NULL,'',3,0,1,NULL,'','2021-01-16 14:17:50','2021-01-16 14:17:50',1,NULL,NULL,1,'menu',NULL),(13,2,'ฐานข้อมูลวารสารในประเทศไทย','ThaiJO',NULL,'https://www.tci-thaijo.org/',NULL,NULL,'<span style=\"color: #444444; font-family: Calibri, sans-serif, \"Mongolian Baiti\", \"Microsoft Yi Baiti\", \"Javanese Text\", \"Yu Gothic\"; font-size: 14.6667px; font-style: normal; font-variant-ligatures: normal; font-variant-caps: normal; font-weight: 400; letter-spacing: normal; orphans: 2; text-align: left; text-indent: 0px; text-transform: none; white-space: pre; widows: 2; word-spacing: 0px; -webkit-text-stroke-width: 0px; background-color: #ffffff; text-decoration-thickness: initial; text-decoration-style: initial; text-decoration-color: initial; display: inline !important; float: none;\">ระบบฐานข้อมูลวารสารอิเล็กทรอนิกส์กลางของประเทศไทย รวมวารสารวิชาการที่ผลิตในประเทศไทยทุกสาขาวิชา ทั้งสาขาวิทยาศาสตร์/เทคโนโลยี และมนุษยศาสตร์และสังคมศาสตร์</span>',5,1,1,NULL,'<span style=\"color: #444444; font-family: Calibri, sans-serif, \"Mongolian Baiti\", \"Microsoft Yi Baiti\", \"Javanese Text\", \"Yu Gothic\"; font-size: 14.6667px; font-style: normal; font-variant-ligatures: normal; font-variant-caps: normal; font-weight: 400; letter-spacing: normal; orphans: 2; text-align: left; text-indent: 0px; text-transform: none; white-space: pre; widows: 2; word-spacing: 0px; -webkit-text-stroke-width: 0px; background-color: #ffffff; text-decoration-thickness: initial; text-decoration-style: initial; text-decoration-color: initial; display: inline !important; float: none;\">ระบบฐานข้อมูลวารสารอิเล็กทรอนิกส์กลางของประเทศไทย รวมวารสารวิชาการที่ผลิตในประเทศไทยทุกสาขาวิชา ทั้งสาขาวิทยาศาสตร์/เทคโนโลยี และมนุษยศาสตร์และสังคมศาสตร์</span>','2021-01-16 14:18:06','2021-01-20 10:03:51',1,NULL,NULL,1,'menu',NULL),(14,2,'โปรแกรมสนับสนุนการวิจัย','Research Support Programs',NULL,'',NULL,NULL,'',8,0,1,NULL,'','2021-01-16 14:25:03','2021-01-16 14:25:03',1,NULL,NULL,1,'menu',NULL),(15,14,'โปรแกรมจัดการบรรณานุกรม','EndNote',NULL,'https://support.clarivate.com/Endnote/s/article/EndNote-Installer-download?language=en_US',NULL,NULL,'โปรแกรมจัดการบรรณานุกรมที่สามารถจัดการและจัดเก็บรายการบรรณานุกรมหรือรายการอ้างอิงได้อย่างเป็นระบบ สามารถสร้างกลุ่มข้อมูลส่วนบุคคล มีรูปแบบบรรณานุกรมที่หลากหลายต่อการใช้งานมากกว่า 3,300 รูปแบบ',1,1,1,NULL,'โปรแกรมจัดการบรรณานุกรมที่สามารถจัดการและจัดเก็บรายการบรรณานุกรมหรือรายการอ้างอิงได้อย่างเป็นระบบ สามารถสร้างกลุ่มข้อมูลส่วนบุคคล มีรูปแบบบรรณานุกรมที่หลากหลายต่อการใช้งานมากกว่า 3,300 รูปแบบ','2021-01-16 14:37:05','2021-01-20 11:22:57',1,NULL,NULL,1,'menu',NULL),(16,14,'เครื่องมือตรวจสอบการคัดลอกผลงานทางวิชาการ','Turnitin',NULL,'https://www.turnitin.com/',NULL,NULL,'เครื่องมือตรวจสอบการคัดลอกหรือการทำซ้ำผลงานวิชาการ ที่อยู่ในรูปแบบสิ่งพิมพ์ออนไลน์ พร้อมทั้งชี้แหล่งข้อมูลที่ปรากฏซ้ำเป็นแถบสี และแสดงระดับเปอร์เซ็นต์',2,1,1,NULL,'เครื่องมือตรวจสอบการคัดลอกหรือการทำซ้ำผลงานวิชาการ ที่อยู่ในรูปแบบสิ่งพิมพ์ออนไลน์ พร้อมทั้งชี้แหล่งข้อมูลที่ปรากฏซ้ำเป็นแถบสี และแสดงระดับเปอร์เซ็นต์','2021-01-16 14:37:35','2021-01-20 11:23:03',1,NULL,NULL,1,'menu',NULL),(17,3,'Academic OneFile Select','Academic OneFile Select',NULL,'https://go.gale.com/ps/start.do?p=EAIM&u=thcmu',NULL,NULL,'Academic OneFile Select ฐานข้อมูล Gale Academic OneFile ครอบคลุมสหสาขาวิชา ให้ข้อมูลวารสารฉบับเต็มจำนวนกว่า 9,000 ชื่อ แสดงผลในรูปแบบ HTML ดาวน์โหลดไฟล์ในรูปของ PDF, HTML และ MP3 และสามารถส่งออกข้อมูลไปยัง Google Drive และ OneDrive',3,1,1,NULL,'The Gale Academic OneFile database covers interdisciplinary fields. Provide full-text journals for more than 9,000 titles, display in HTML format, download files in PDF, HTML and MP3 format, and can export data to Google Drive and OneDrive.','2021-01-16 14:39:12','2021-01-20 10:45:36',1,NULL,NULL,1,'menu',NULL),(18,3,'Academic Search  Complete ','Academic Search  Complete ',NULL,'https://search.ebscohost.com/login.aspx?authtype=ip,uid&group=main&profile=ehost&defaultdb=asn',NULL,NULL,'ฐานข้อมูลสหสาขาวิชา และครอบคลุมทุกสาขาวิชาการ ได้แก่ มานุษยวิทยา ดาราศาสตร์ ชีววิทยา เคมี วิศวกรรมโยธา วิศวกรรมศาสตร์ การศึกษาชาติพันธุ์และวัฒนธรรม ภูมิศาสตร์ กฎหมาย วัสดุศาสตร์ คณิตศาสตร์ ดนตรี เภสัชศาสตร์ ฟิสิกส์ จิตวิทยา ศาสนาและเทววิทยา สัตวแพทยศาสตร์ สตรีศึกษา สัตววิทยาและสาขาอื่น ๆ โดยมีจำนวนวารสารที่มีข้อมูลฉบับเต็มมากกว่า 8,500 ชื่อเรื่อง ย้อนหลังไปตั้งแต่ปี ค.ศ 1887',4,1,1,NULL,'Databases for e-journals of multi disciplinary cover details for Anthropology, Astronomy, Biology, Chemistry, Civil Engineering, Engineering, Ethnic and Cultural Study, Geography, Law, Materials Science, Mathematics, Music, Pharmacology, Physics, Psychology, Religion and Theology, Veterinary Science, Women&rsquo;s Studies, Animal Science, and other departments. The database covers full text journals for more than 8,500 titles since 1887.','2021-01-16 14:39:34','2021-01-20 10:46:11',1,NULL,NULL,1,'menu',NULL),(19,3,'ACM Digital Library','ACM Digital Library',NULL,'https://dlnext.acm.org/',NULL,NULL,'ฐานข้อมูลทางด้านคอมพิวเตอร์และเทคโนโลยีสารสนเทศ จากสิ่งพิมพ์ต่อเนื่อง จดหมายข่าว และเอกสารในการประชุมวิชาการ ที่จัดทำโดย ACM (Association for Computing Machinery) ซึ่งเนื้อหาเอกสารประกอบด้วยข้อมูลที่สำคัญ เช่น รายการบรรณานุกรม สาระสังเขป article reviews และบทความฉบับเต็ม ให้ข้อมูลตั้งแต่ปี 1985-ปัจจุบัน',5,1,1,NULL,'Database of e-journal of multi-disciplinary for computer science and information technology from Association for Computing Machinery (ACM) consists of documents from journals and magazines, documents related to the meeting and information including full-text journals for 400 titles during 1985.','2021-01-16 14:39:57','2021-01-20 10:46:38',1,NULL,NULL,1,'menu',NULL),(21,1,'สำหรับสมาชิก','สำหรับสมาชิก',NULL,'',NULL,NULL,'',1,0,1,NULL,'','2021-01-20 09:38:52','2021-01-20 12:00:32',1,NULL,NULL,1,'menu',NULL),(22,21,'My Library account','My Library account',NULL,'https://search.library.cmu.ac.th/patroninfo/',NULL,NULL,'',1,2,1,NULL,'','2021-01-20 09:39:22','2021-01-20 09:39:56',1,NULL,NULL,1,'menu',NULL),(23,21,'บริการยืมคืน','Borrow and Return',NULL,'https://drive.google.com/file/d/1zvTgAmGEdPjstzBOVMDbIp-fwkg8J1U1/view',NULL,NULL,'',2,2,1,NULL,'','2021-01-20 09:41:27','2021-01-20 10:25:57',1,NULL,NULL,1,'menu',NULL),(24,21,'บริการนำส่งหนังสือ(D.D)','Document Delivery',NULL,'https://drive.google.com/file/d/1qHcv0cWmAWvtIQDlZegeAOiCWDBGuuKj/view',NULL,NULL,'',3,2,1,NULL,'','2021-01-20 09:41:43','2021-01-20 10:31:18',1,NULL,NULL,1,'menu',NULL),(25,21,'บริการจองทรัพยากร','Hold',NULL,'https://drive.google.com/file/d/1zZRRuDUvKU67RP4czMomR_27qxrht3su/view',NULL,NULL,'',4,2,1,NULL,'','2021-01-20 09:42:02','2021-01-20 10:31:42',1,NULL,NULL,1,'menu',NULL),(26,21,'บริการห้องค้นคว้า','Research Room',NULL,'https://drive.google.com/file/d/1RN8yEZPfEQj6iQTFlpIl3ldgW9w-JUkN/view',NULL,NULL,'',5,2,1,NULL,'','2021-01-20 09:42:20','2021-01-20 10:27:31',1,NULL,NULL,1,'menu',NULL),(27,21,'บริการแจ้งเตือน SMS','SMS Alert',NULL,'https://drive.google.com/file/d/1ikPl8k7Ys95DYhUDIHQcYHvhcoKZ-q_v/view',NULL,NULL,'',6,2,1,NULL,'','2021-01-20 09:42:36','2021-01-20 10:32:21',1,NULL,NULL,1,'menu',NULL),(28,21,'บริการยืมระหว่างห้องสมุด','Interlibrary Loan Service',NULL,'https://drive.google.com/file/d/16p8zxmznou1pRoYfTprJskIAnYpdKdWs/view',NULL,NULL,'',7,2,1,NULL,'','2021-01-20 09:42:51','2021-01-20 10:32:53',1,NULL,NULL,1,'menu',NULL),(29,21,'บริการให้ยืมอุปกรณ์ ','Equipment Lending ',NULL,'https://drive.google.com/file/d/1a0mhr4X--gLTAkJlt9a2sxzMBCQaHQVs/view',NULL,NULL,'',8,2,1,NULL,'','2021-01-20 09:43:22','2021-01-20 10:33:11',1,NULL,NULL,1,'menu',NULL),(30,21,'บริการสำหรับนักศึกษาพิการ','Disability Support',NULL,'https://drive.google.com/file/d/1INaEMQ2KB1XDXAorIV7tRc3mREs0nss5/view',NULL,NULL,'',9,2,1,NULL,'','2021-01-20 09:43:35','2021-01-20 10:33:29',1,NULL,NULL,1,'menu',NULL),(31,21,'การเสนอซื้อหนังสือ','Book Recommendation',NULL,'https://drive.google.com/file/d/1kz1xAXcZ_X-gbEkYa8KjCK7qIoKoqhZg/view',NULL,NULL,'',10,2,1,NULL,'','2021-01-20 09:43:51','2021-01-20 10:33:49',1,NULL,NULL,1,'menu',NULL),(32,1,'สำหรับบุคคลภายนอก','สำหรับบุคคลภายนอก',NULL,'',NULL,NULL,'',2,0,1,NULL,'','2021-01-20 09:45:27','2021-01-20 12:00:36',1,NULL,NULL,1,'menu',NULL),(33,32,'การเข้าใช้บริการห้องสมุด','Library conditions',NULL,'https://drive.google.com/file/d/1omK9RWud4SipD2kXpsn04mc1-RP8H4Jq/view',NULL,NULL,'',1,2,1,NULL,'','2021-01-20 09:47:10','2021-01-20 10:28:40',1,NULL,NULL,1,'menu',NULL),(34,32,'สมัครสมาชิก','Library Member',NULL,'https://drive.google.com/file/d/1_rzhj2MmnBRYs4prxkYKTNfdyqimAvzL/view',NULL,NULL,'',2,2,1,NULL,'','2021-01-20 09:47:24','2021-01-20 10:34:17',1,NULL,NULL,1,'menu',NULL),(35,1,'บริการอื่น ๆ','บริการอื่น ๆ',NULL,'',NULL,NULL,'',3,0,1,NULL,'','2021-01-20 09:47:34','2021-01-20 12:00:41',1,NULL,NULL,1,'menu',NULL),(36,35,'บริการนำชมห้องสมุด','Library Tour',NULL,'https://drive.google.com/file/d/1_N9T-6kzsgZUadK2SpcGvi0RD4E2mTY1/view',NULL,NULL,'<span style=\"font-size: 14pt;\"><strong>บริการนำชมห้องสมุด</strong></span><br />&nbsp; &nbsp; บริการนำชมห้องสมุดเป็นบริการที่ห้องสมุดจัดขึ้น<br />เพื่อแนะนำพื้นที่ภายในห้องสมุดและทรัพยากรสารสารสนเทศ รวมถึงบริการพื้นฐานต่าง ๆ ภายในห้องสมุด<br /><br /><strong>ช่วงเวลาให้บริการ</strong><br />&nbsp; &nbsp; วันจันทร์ &ndash; ศุกร์ ให้บริการเวลา 8.30 - 16.30 น. (ระยะเวลาการนำชม 30-40 นาที)<br /><br /><strong>ติดต่อสอบถามเพิ่มเติมได้ที่</strong><br />&nbsp; &nbsp; โทร. 053 - 944513<br />&nbsp; &nbsp; e-Mail: cmulibref@cmu.ac.th<br />&nbsp; &nbsp; Facebook Fanpage: LibraryCMU<br />&nbsp; &nbsp; Line: @cmulibrary',1,1,1,NULL,'<span style=\"font-size: 14pt;\"><strong>บริการนำชมห้องสมุด</strong></span><br />&nbsp; &nbsp; บริการนำชมห้องสมุดเป็นบริการที่ห้องสมุดจัดขึ้น<br />เพื่อแนะนำพื้นที่ภายในห้องสมุดและทรัพยากรสารสารสนเทศ รวมถึงบริการพื้นฐานต่าง ๆ ภายในห้องสมุด<br /><br /><strong>ช่วงเวลาให้บริการ</strong><br />&nbsp; &nbsp; วันจันทร์ &ndash; ศุกร์ ให้บริการเวลา 8.30 - 16.30 น. (ระยะเวลาการนำชม 30-40 นาที)<br /><br /><strong>ติดต่อสอบถามเพิ่มเติมได้ที่</strong><br />&nbsp; &nbsp; โทร. 053 - 944513<br />&nbsp; &nbsp; e-Mail: cmulibref@cmu.ac.th<br />&nbsp; &nbsp; Facebook Fanpage: LibraryCMU<br />&nbsp; &nbsp; Line: @cmulibrary','2021-01-20 09:47:59','2021-01-20 10:30:28',1,NULL,NULL,1,'menu',NULL),(37,35,'การรับบริจาคหนังสือ','Donation',NULL,'https://library.cmu.ac.th/donation/donation3.php',NULL,NULL,'',2,2,1,NULL,'','2021-01-20 09:48:13','2021-01-20 09:48:48',1,NULL,NULL,1,'menu',NULL),(38,35,'บริการเช่าห้องประชุมและห้องปฏิบัติการคอมพิวเตอร์','Rooms for Rent ',NULL,'https://drive.google.com/file/d/1Eth2hTFSUorLaoIDSQP0pO5GpcVvGOie/view?usp=sharing',NULL,NULL,'',3,2,1,NULL,'','2021-01-20 09:48:37','2021-01-20 09:48:37',1,NULL,NULL,1,'menu',NULL),(39,11,'impact factor','impact factor',NULL,'https://error.incites.clarivate.com/error/Error?DestApp=IC2JCR&Error=IPError&Params=DestApp%3DIC2JCR&RouterURL=https%3A%2F%2Flogin.incites.clarivate.com%2F&Domain=.clarivate.com&Src=IP&Alias=IC2',NULL,NULL,'',1,2,1,NULL,'','2021-01-20 09:51:50','2021-01-20 09:51:50',1,NULL,NULL,1,'menu',NULL),(40,11,'h-index & Quartile','h-index & Quartile',NULL,'https://www.scimagojr.com/',NULL,NULL,'',2,2,1,NULL,'','2021-01-20 09:52:24','2021-01-20 09:52:24',1,NULL,NULL,1,'menu',NULL),(41,2,'Beall’s list','Beall’s list',NULL,'https://beallslist.net/',NULL,NULL,'<span style=\"color: #444444; font-family: Calibri, sans-serif,;\" mongolian=\"\" baiti=\"\" microsoft=\"\" yi=\"\" javanese=\"\" text=\"\" yu=\"\" gothic=\"\" font-size:=\"\" 14=\"\" 6667px=\"\" font-style:=\"\" normal=\"\" font-variant-ligatures:=\"\" font-variant-caps:=\"\" font-weight:=\"\" 400=\"\" letter-spacing:=\"\" orphans:=\"\" 2=\"\" text-align:=\"\" left=\"\" text-indent:=\"\" 0px=\"\" text-transform:=\"\" none=\"\" white-space:=\"\" pre=\"\" widows:=\"\" word-spacing:=\"\" -webkit-text-stroke-width:=\"\" background-color:=\"\" ffffff=\"\" text-decoration-thickness:=\"\" initial=\"\" text-decoration-style:=\"\" text-decoration-color:=\"\" display:=\"\" inline=\"\" important=\"\" float:=\"\">รวบรวมรายชื่อวารสารและสำนักพิมพ์ที่ไม่ควรส่งตีพิมพ์<br /><br /><br /></span>',2,1,1,NULL,'<span style=\"color: #444444; font-family: Calibri, sans-serif,;\" mongolian=\"\" baiti=\"\" microsoft=\"\" yi=\"\" javanese=\"\" text=\"\" yu=\"\" gothic=\"\" font-size:=\"\" 14=\"\" 6667px=\"\" font-style:=\"\" normal=\"\" font-variant-ligatures:=\"\" font-variant-caps:=\"\" font-weight:=\"\" 400=\"\" letter-spacing:=\"\" orphans:=\"\" 2=\"\" text-align:=\"\" left=\"\" text-indent:=\"\" 0px=\"\" text-transform:=\"\" none=\"\" white-space:=\"\" pre=\"\" widows:=\"\" word-spacing:=\"\" -webkit-text-stroke-width:=\"\" background-color:=\"\" ffffff=\"\" text-decoration-thickness:=\"\" initial=\"\" text-decoration-style:=\"\" text-decoration-color:=\"\" display:=\"\" inline=\"\" important=\"\" float:=\"\">รวบรวมรายชื่อวารสารและสำนักพิมพ์ที่ไม่ควรส่งตีพิมพ์</span>','2021-01-20 09:53:36','2021-01-20 11:23:40',1,NULL,NULL,1,'menu',NULL),(42,12,'DOAJ (Directory of Open Access Journals) ','DOAJ (Directory of Open Access Journals) ',NULL,'https://doaj.org/',NULL,NULL,'<span style=\"color: #444444; font-family: Calibri, sans-serif, \"Mongolian Baiti\", \"Microsoft Yi Baiti\", \"Javanese Text\", \"Yu Gothic\"; font-size: 14.6667px; font-style: normal; font-variant-ligatures: normal; font-variant-caps: normal; font-weight: 400; letter-spacing: normal; orphans: 2; text-align: left; text-indent: 0px; text-transform: none; white-space: pre; widows: 2; word-spacing: 0px; -webkit-text-stroke-width: 0px; background-color: #ffffff; text-decoration-thickness: initial; text-decoration-style: initial; text-decoration-color: initial; display: inline !important; float: none;\">รวบรวม</span>',1,2,1,NULL,'<span style=\"color: #444444; font-family: Calibri, sans-serif, \"Mongolian Baiti\", \"Microsoft Yi Baiti\", \"Javanese Text\", \"Yu Gothic\"; font-size: 14.6667px; font-style: normal; font-variant-ligatures: normal; font-variant-caps: normal; font-weight: 400; letter-spacing: normal; orphans: 2; text-align: left; text-indent: 0px; text-transform: none; white-space: pre; widows: 2; word-spacing: 0px; -webkit-text-stroke-width: 0px; background-color: #ffffff; text-decoration-thickness: initial; text-decoration-style: initial; text-decoration-color: initial; display: inline !important; float: none;\">รวบรวม</span>','2021-01-20 09:54:38','2021-01-20 11:24:20',1,NULL,NULL,1,'menu',NULL),(43,12,'Open Access Journals','Open Access Journals',NULL,'https://www.openaccessjournals.com/',NULL,NULL,'',2,2,1,NULL,'','2021-01-20 09:55:00','2021-01-20 09:55:00',1,NULL,NULL,1,'menu',NULL),(44,2,'สหบรรณานุกรมของห้องสมุดสถาบันอุดมศึกษาไทย','UCTAL',NULL,'http://uc.thailis.or.th/main/index.aspx',NULL,NULL,'<span style=\"color: #444444; font-family: Calibri, sans-serif,;\" mongolian=\"\" baiti=\"\" microsoft=\"\" yi=\"\" javanese=\"\" text=\"\" yu=\"\" gothic=\"\" font-size:=\"\" 14=\"\" 6667px=\"\" font-style:=\"\" normal=\"\" font-variant-ligatures:=\"\" font-variant-caps:=\"\" font-weight:=\"\" 400=\"\" letter-spacing:=\"\" orphans:=\"\" 2=\"\" text-align:=\"\" left=\"\" text-indent:=\"\" 0px=\"\" text-transform:=\"\" none=\"\" white-space:=\"\" pre=\"\" widows:=\"\" word-spacing:=\"\" -webkit-text-stroke-width:=\"\" background-color:=\"\" ffffff=\"\" text-decoration-thickness:=\"\" initial=\"\" text-decoration-style:=\"\" text-decoration-color:=\"\" display:=\"\" inline=\"\" important=\"\" float:=\"\">รวบรวมรายการบรรณานุกรมของห้องสมุดสถาบันอุดมศึกษาไทยที่อยู่ในเครือข่าย ThaiLIS</span>',4,1,1,NULL,'<span style=\"color: #444444; font-family: Calibri, sans-serif,;\" mongolian=\"\" baiti=\"\" microsoft=\"\" yi=\"\" javanese=\"\" text=\"\" yu=\"\" gothic=\"\" font-size:=\"\" 14=\"\" 6667px=\"\" font-style:=\"\" normal=\"\" font-variant-ligatures:=\"\" font-variant-caps:=\"\" font-weight:=\"\" 400=\"\" letter-spacing:=\"\" orphans:=\"\" 2=\"\" text-align:=\"\" left=\"\" text-indent:=\"\" 0px=\"\" text-transform:=\"\" none=\"\" white-space:=\"\" pre=\"\" widows:=\"\" word-spacing:=\"\" -webkit-text-stroke-width:=\"\" background-color:=\"\" ffffff=\"\" text-decoration-thickness:=\"\" initial=\"\" text-decoration-style:=\"\" text-decoration-color:=\"\" display:=\"\" inline=\"\" important=\"\" float:=\"\">รวบรวมรายการบรรณานุกรมของห้องสมุดสถาบันอุดมศึกษาไทยที่อยู่ในเครือข่าย ThaiLIS</span>','2021-01-20 09:55:24','2021-01-20 11:24:43',1,NULL,NULL,1,'menu',NULL),(45,2,'ฐานข้อมูลเอกสารฉบับเต็มของห้องสมุดสถาบันอุดมศึกษาไทย','Thai Digital Collection ',NULL,'https://tdc.thailis.or.th/tdc/',NULL,NULL,'<span style=\"color: #444444; font-family: Calibri, sans-serif,;\" mongolian=\"\" baiti=\"\" microsoft=\"\" yi=\"\" javanese=\"\" text=\"\" yu=\"\" gothic=\"\" font-size:=\"\" 14=\"\" 6667px=\"\" font-style:=\"\" normal=\"\" font-variant-ligatures:=\"\" font-variant-caps:=\"\" font-weight:=\"\" 400=\"\" letter-spacing:=\"\" orphans:=\"\" 2=\"\" text-align:=\"\" left=\"\" text-indent:=\"\" 0px=\"\" text-transform:=\"\" none=\"\" white-space:=\"\" pre=\"\" widows:=\"\" word-spacing:=\"\" -webkit-text-stroke-width:=\"\" background-color:=\"\" ffffff=\"\" text-decoration-thickness:=\"\" initial=\"\" text-decoration-style:=\"\" text-decoration-color:=\"\" display:=\"\" inline=\"\" important=\"\" float:=\"\">ฐานข้อมูลเอกสารฉบับเต็มในรูปแบบอิเล็กทรอนิกส์ ประกอบด้วย วิทยานิพนธ์ งานวิจัย บทความวารสารและหนังสือหายากจากห้องสมุดมหาวิทยาลัย/สถาบันต่างๆที่เป็นสมาชิกของเครือข่ายห้องสมุดสถาบันอุดมศึกษาไทย (ThaiLIS)</span>',6,1,1,NULL,'<span style=\"color: #444444; font-family: Calibri, sans-serif,;\" mongolian=\"\" baiti=\"\" microsoft=\"\" yi=\"\" javanese=\"\" text=\"\" yu=\"\" gothic=\"\" font-size:=\"\" 14=\"\" 6667px=\"\" font-style:=\"\" normal=\"\" font-variant-ligatures:=\"\" font-variant-caps:=\"\" font-weight:=\"\" 400=\"\" letter-spacing:=\"\" orphans:=\"\" 2=\"\" text-align:=\"\" left=\"\" text-indent:=\"\" 0px=\"\" text-transform:=\"\" none=\"\" white-space:=\"\" pre=\"\" widows:=\"\" word-spacing:=\"\" -webkit-text-stroke-width:=\"\" background-color:=\"\" ffffff=\"\" text-decoration-thickness:=\"\" initial=\"\" text-decoration-style:=\"\" text-decoration-color:=\"\" display:=\"\" inline=\"\" important=\"\" float:=\"\">ฐานข้อมูลเอกสารฉบับเต็มในรูปแบบอิเล็กทรอนิกส์ ประกอบด้วย วิทยานิพนธ์ งานวิจัย บทความวารสารและหนังสือหายากจากห้องสมุดมหาวิทยาลัย/สถาบันต่างๆที่เป็นสมาชิกของเครือข่ายห้องสมุดสถาบันอุดมศึกษาไทย (ThaiLIS)</span>','2021-01-20 09:57:41','2021-01-20 11:21:50',1,NULL,NULL,1,'menu',NULL),(46,2,'เครื่องมือช่วยค้นหาวารสารที่เหมาะสมในการส่งตีพิมพ์','Journal Suggester tools',NULL,'',NULL,NULL,'',7,0,1,NULL,'','2021-01-20 09:58:16','2021-01-20 09:58:16',1,NULL,NULL,1,'menu',NULL),(47,46,'Elsevier Journal Finder','Elsevier Journal Finder',NULL,'https://journalfinder.elsevier.com/',NULL,NULL,'',1,2,1,NULL,'','2021-01-20 09:58:36','2021-01-20 09:58:36',1,NULL,NULL,1,'menu',NULL),(48,46,'Springer Journal Suggester','Springer Journal Suggester',NULL,'https://journalsuggester.springer.com/',NULL,NULL,'',2,2,1,NULL,'','2021-01-20 09:58:58','2021-01-20 09:58:58',1,NULL,NULL,1,'menu',NULL),(49,46,'Wiley Journal Finder','Wiley Journal Finder',NULL,'https://journalfinder.wiley.com/search?type=match',NULL,NULL,'',3,2,1,NULL,'','2021-01-20 09:59:16','2021-01-20 09:59:16',1,NULL,NULL,1,'menu',NULL),(50,46,'IEEE Publication Recommender','IEEE Publication Recommender',NULL,'https://publication-recommender.ieee.org/home',NULL,NULL,'',4,2,1,NULL,'','2021-01-20 09:59:38','2021-01-20 09:59:38',1,NULL,NULL,1,'menu',NULL),(51,46,'Taylor & Francis Journal Suggester','Taylor & Francis Journal Suggester',NULL,'https://authorservices.taylorandfrancis.com/journal-suggester/#',NULL,NULL,'',5,2,1,NULL,'','2021-01-20 09:59:57','2021-01-20 09:59:57',1,NULL,NULL,1,'menu',NULL),(52,46,'JANE','JANE',NULL,'https://jane.biosemantics.org/',NULL,NULL,'',6,2,1,NULL,'','2021-01-20 10:00:17','2021-01-20 11:41:42',1,NULL,NULL,1,'menu',NULL),(53,4,'Lanna Heritage Digital Collection','Lanna Heritage Digital Collection',NULL,'',NULL,NULL,'',1,0,1,NULL,'','2021-01-20 10:05:40','2021-01-20 10:05:40',1,NULL,NULL,1,'menu',NULL),(54,53,'Lanna Heritage Digital Collection','Lanna Music',NULL,'',NULL,NULL,'<span style=\"color: #444444; font-family: Calibri, sans-serif, \"Mongolian Baiti\", \"Microsoft Yi Baiti\", \"Javanese Text\", \"Yu Gothic\"; font-size: 14.6667px; font-style: normal; font-variant-ligatures: normal; font-variant-caps: normal; font-weight: 400; letter-spacing: normal; orphans: 2; text-align: left; text-indent: 0px; text-transform: none; white-space: pre; widows: 2; word-spacing: 0px; -webkit-text-stroke-width: 0px; background-color: #ffffff; text-decoration-thickness: initial; text-decoration-style: initial; text-decoration-color: initial; display: inline !important; float: none;\">รวบรวมข้อมูลล้านนาและภาคเหนือด้านวัฒนธรรม ประเพณี ที่มีคุณค่าต่อการศึกษาและการวิจัย รวมถึงเป็นการเผยแพร่และสืบสานรักษาวัฒนธรรมข้อมูลล้านนาและภาคเหนือ</span>',1,1,1,NULL,'<span style=\"color: #444444; font-family: Calibri, sans-serif, \"Mongolian Baiti\", \"Microsoft Yi Baiti\", \"Javanese Text\", \"Yu Gothic\"; font-size: 14.6667px; font-style: normal; font-variant-ligatures: normal; font-variant-caps: normal; font-weight: 400; letter-spacing: normal; orphans: 2; text-align: left; text-indent: 0px; text-transform: none; white-space: pre; widows: 2; word-spacing: 0px; -webkit-text-stroke-width: 0px; background-color: #ffffff; text-decoration-thickness: initial; text-decoration-style: initial; text-decoration-color: initial; display: inline !important; float: none;\">รวบรวมข้อมูลล้านนาและภาคเหนือด้านวัฒนธรรม ประเพณี ที่มีคุณค่าต่อการศึกษาและการวิจัย รวมถึงเป็นการเผยแพร่และสืบสานรักษาวัฒนธรรมข้อมูลล้านนาและภาคเหนือ</span>','2021-01-20 10:06:09','2021-01-20 10:06:09',1,NULL,NULL,1,'menu',NULL),(55,53,'ฐานข้อมูลอาหารล้านนา','Lanna Food',NULL,'',NULL,NULL,'<span style=\"color: #444444; font-family: Calibri, sans-serif, \"Mongolian Baiti\", \"Microsoft Yi Baiti\", \"Javanese Text\", \"Yu Gothic\"; font-size: 14.6667px; font-style: normal; font-variant-ligatures: normal; font-variant-caps: normal; font-weight: 400; letter-spacing: normal; orphans: 2; text-align: left; text-indent: 0px; text-transform: none; white-space: pre; widows: 2; word-spacing: 0px; -webkit-text-stroke-width: 0px; background-color: #ffffff; text-decoration-thickness: initial; text-decoration-style: initial; text-decoration-color: initial; display: inline !important; float: none;\">รวบรวมข้อมูลล้านนาและภาคเหนือด้านวัฒนธรรม ประเพณี ที่มีคุณค่าต่อการศึกษาและการวิจัย รวมถึงเป็นการเผยแพร่และสืบสานรักษาวัฒนธรรมข้อมูลล้านนาและภาคเหนือ</span>',2,1,1,NULL,'<span style=\"color: #444444; font-family: Calibri, sans-serif, \"Mongolian Baiti\", \"Microsoft Yi Baiti\", \"Javanese Text\", \"Yu Gothic\"; font-size: 14.6667px; font-style: normal; font-variant-ligatures: normal; font-variant-caps: normal; font-weight: 400; letter-spacing: normal; orphans: 2; text-align: left; text-indent: 0px; text-transform: none; white-space: pre; widows: 2; word-spacing: 0px; -webkit-text-stroke-width: 0px; background-color: #ffffff; text-decoration-thickness: initial; text-decoration-style: initial; text-decoration-color: initial; display: inline !important; float: none;\">รวบรวมข้อมูลล้านนาและภาคเหนือด้านวัฒนธรรม ประเพณี ที่มีคุณค่าต่อการศึกษาและการวิจัย รวมถึงเป็นการเผยแพร่และสืบสานรักษาวัฒนธรรมข้อมูลล้านนาและภาคเหนือ</span>','2021-01-20 10:06:38','2021-01-20 10:06:38',1,NULL,NULL,1,'menu',NULL),(56,53,'ฐานข้อมูลภาพล้านนาในอดีต','Lanna Picture',NULL,'',NULL,NULL,'<span style=\"color: #444444; font-family: Calibri, sans-serif, \"Mongolian Baiti\", \"Microsoft Yi Baiti\", \"Javanese Text\", \"Yu Gothic\"; font-size: 14.6667px; font-style: normal; font-variant-ligatures: normal; font-variant-caps: normal; font-weight: 400; letter-spacing: normal; orphans: 2; text-align: left; text-indent: 0px; text-transform: none; white-space: pre; widows: 2; word-spacing: 0px; -webkit-text-stroke-width: 0px; background-color: #ffffff; text-decoration-thickness: initial; text-decoration-style: initial; text-decoration-color: initial; display: inline !important; float: none;\">รวบรวมข้อมูลล้านนาและภาคเหนือด้านวัฒนธรรม ประเพณี ที่มีคุณค่าต่อการศึกษาและการวิจัย รวมถึงเป็นการเผยแพร่และสืบสานรักษาวัฒนธรรมข้อมูลล้านนาและภาคเหนือ</span>',3,1,1,NULL,'<span style=\"color: #444444; font-family: Calibri, sans-serif, \"Mongolian Baiti\", \"Microsoft Yi Baiti\", \"Javanese Text\", \"Yu Gothic\"; font-size: 14.6667px; font-style: normal; font-variant-ligatures: normal; font-variant-caps: normal; font-weight: 400; letter-spacing: normal; orphans: 2; text-align: left; text-indent: 0px; text-transform: none; white-space: pre; widows: 2; word-spacing: 0px; -webkit-text-stroke-width: 0px; background-color: #ffffff; text-decoration-thickness: initial; text-decoration-style: initial; text-decoration-color: initial; display: inline !important; float: none;\">รวบรวมข้อมูลล้านนาและภาคเหนือด้านวัฒนธรรม ประเพณี ที่มีคุณค่าต่อการศึกษาและการวิจัย รวมถึงเป็นการเผยแพร่และสืบสานรักษาวัฒนธรรมข้อมูลล้านนาและภาคเหนือ</span>','2021-01-20 10:07:26','2021-01-20 10:07:26',1,NULL,NULL,1,'menu',NULL),(57,53,'ฐานข้อมูลประเพณีล้านนา','Lanna Tradition',NULL,'',NULL,NULL,'<span style=\"color: #444444; font-family: Calibri, sans-serif, \"Mongolian Baiti\", \"Microsoft Yi Baiti\", \"Javanese Text\", \"Yu Gothic\"; font-size: 14.6667px; font-style: normal; font-variant-ligatures: normal; font-variant-caps: normal; font-weight: 400; letter-spacing: normal; orphans: 2; text-align: left; text-indent: 0px; text-transform: none; white-space: pre; widows: 2; word-spacing: 0px; -webkit-text-stroke-width: 0px; background-color: #ffffff; text-decoration-thickness: initial; text-decoration-style: initial; text-decoration-color: initial; display: inline !important; float: none;\">รวบรวมข้อมูลล้านนาและภาคเหนือด้านวัฒนธรรม ประเพณี ที่มีคุณค่าต่อการศึกษาและการวิจัย รวมถึงเป็นการเผยแพร่และสืบสานรักษาวัฒนธรรมข้อมูลล้านนาและภาคเหนือ</span>',4,1,1,NULL,'<span style=\"color: #444444; font-family: Calibri, sans-serif, \"Mongolian Baiti\", \"Microsoft Yi Baiti\", \"Javanese Text\", \"Yu Gothic\"; font-size: 14.6667px; font-style: normal; font-variant-ligatures: normal; font-variant-caps: normal; font-weight: 400; letter-spacing: normal; orphans: 2; text-align: left; text-indent: 0px; text-transform: none; white-space: pre; widows: 2; word-spacing: 0px; -webkit-text-stroke-width: 0px; background-color: #ffffff; text-decoration-thickness: initial; text-decoration-style: initial; text-decoration-color: initial; display: inline !important; float: none;\">รวบรวมข้อมูลล้านนาและภาคเหนือด้านวัฒนธรรม ประเพณี ที่มีคุณค่าต่อการศึกษาและการวิจัย รวมถึงเป็นการเผยแพร่และสืบสานรักษาวัฒนธรรมข้อมูลล้านนาและภาคเหนือ</span>','2021-01-20 10:08:07','2021-01-20 10:08:07',1,NULL,NULL,1,'menu',NULL),(58,53,'ฐานข้อมูลเครื่องเขินล้านนา','ฐานข้อมูลเครื่องเขินล้านนา',NULL,'',NULL,NULL,'<span style=\"color: #444444; font-family: Calibri, sans-serif, \"Mongolian Baiti\", \"Microsoft Yi Baiti\", \"Javanese Text\", \"Yu Gothic\"; font-size: 14.6667px; font-style: normal; font-variant-ligatures: normal; font-variant-caps: normal; font-weight: 400; letter-spacing: normal; orphans: 2; text-align: left; text-indent: 0px; text-transform: none; white-space: pre; widows: 2; word-spacing: 0px; -webkit-text-stroke-width: 0px; background-color: #ffffff; text-decoration-thickness: initial; text-decoration-style: initial; text-decoration-color: initial; display: inline !important; float: none;\">รวบรวมข้อมูลล้านนาและภาคเหนือด้านวัฒนธรรม ประเพณี ที่มีคุณค่าต่อการศึกษาและการวิจัย รวมถึงเป็นการเผยแพร่และสืบสานรักษาวัฒนธรรมข้อมูลล้านนาและภาคเหนือ</span>',5,1,1,NULL,'<span style=\"color: #444444; font-family: Calibri, sans-serif, \"Mongolian Baiti\", \"Microsoft Yi Baiti\", \"Javanese Text\", \"Yu Gothic\"; font-size: 14.6667px; font-style: normal; font-variant-ligatures: normal; font-variant-caps: normal; font-weight: 400; letter-spacing: normal; orphans: 2; text-align: left; text-indent: 0px; text-transform: none; white-space: pre; widows: 2; word-spacing: 0px; -webkit-text-stroke-width: 0px; background-color: #ffffff; text-decoration-thickness: initial; text-decoration-style: initial; text-decoration-color: initial; display: inline !important; float: none;\">รวบรวมข้อมูลล้านนาและภาคเหนือด้านวัฒนธรรม ประเพณี ที่มีคุณค่าต่อการศึกษาและการวิจัย รวมถึงเป็นการเผยแพร่และสืบสานรักษาวัฒนธรรมข้อมูลล้านนาและภาคเหนือ</span>','2021-01-20 10:08:34','2021-01-20 10:08:34',1,NULL,NULL,1,'menu',NULL),(59,53,'ฐานข้อมูลวรรณกรรมขับขาน','Lanna Poetry',NULL,'',NULL,NULL,'<span style=\"color: #444444; font-family: Calibri, sans-serif, \"Mongolian Baiti\", \"Microsoft Yi Baiti\", \"Javanese Text\", \"Yu Gothic\"; font-size: 14.6667px; font-style: normal; font-variant-ligatures: normal; font-variant-caps: normal; font-weight: 400; letter-spacing: normal; orphans: 2; text-align: left; text-indent: 0px; text-transform: none; white-space: pre; widows: 2; word-spacing: 0px; -webkit-text-stroke-width: 0px; background-color: #ffffff; text-decoration-thickness: initial; text-decoration-style: initial; text-decoration-color: initial; display: inline !important; float: none;\">รวบรวมข้อมูลล้านนาและภาคเหนือด้านวัฒนธรรม ประเพณี ที่มีคุณค่าต่อการศึกษาและการวิจัย รวมถึงเป็นการเผยแพร่และสืบสานรักษาวัฒนธรรมข้อมูลล้านนาและภาคเหนือ</span>',6,1,1,NULL,'<span style=\"color: #444444; font-family: Calibri, sans-serif, \"Mongolian Baiti\", \"Microsoft Yi Baiti\", \"Javanese Text\", \"Yu Gothic\"; font-size: 14.6667px; font-style: normal; font-variant-ligatures: normal; font-variant-caps: normal; font-weight: 400; letter-spacing: normal; orphans: 2; text-align: left; text-indent: 0px; text-transform: none; white-space: pre; widows: 2; word-spacing: 0px; -webkit-text-stroke-width: 0px; background-color: #ffffff; text-decoration-thickness: initial; text-decoration-style: initial; text-decoration-color: initial; display: inline !important; float: none;\">รวบรวมข้อมูลล้านนาและภาคเหนือด้านวัฒนธรรม ประเพณี ที่มีคุณค่าต่อการศึกษาและการวิจัย รวมถึงเป็นการเผยแพร่และสืบสานรักษาวัฒนธรรมข้อมูลล้านนาและภาคเหนือ</span>','2021-01-20 10:08:57','2021-01-20 10:08:57',1,NULL,NULL,1,'menu',NULL),(60,53,'ฐานข้อมูลเครื่องปั้นดินเผาล้านนา','Lanna Pottery',NULL,'',NULL,NULL,'<span style=\"color: #444444; font-family: Calibri, sans-serif, \"Mongolian Baiti\", \"Microsoft Yi Baiti\", \"Javanese Text\", \"Yu Gothic\"; font-size: 14.6667px; font-style: normal; font-variant-ligatures: normal; font-variant-caps: normal; font-weight: 400; letter-spacing: normal; orphans: 2; text-align: left; text-indent: 0px; text-transform: none; white-space: pre; widows: 2; word-spacing: 0px; -webkit-text-stroke-width: 0px; background-color: #ffffff; text-decoration-thickness: initial; text-decoration-style: initial; text-decoration-color: initial; display: inline !important; float: none;\">รวบรวมข้อมูลล้านนาและภาคเหนือด้านวัฒนธรรม ประเพณี ที่มีคุณค่าต่อการศึกษาและการวิจัย รวมถึงเป็นการเผยแพร่และสืบสานรักษาวัฒนธรรมข้อมูลล้านนาและภาคเหนือ</span>',7,1,1,NULL,'<span style=\"color: #444444; font-family: Calibri, sans-serif, \"Mongolian Baiti\", \"Microsoft Yi Baiti\", \"Javanese Text\", \"Yu Gothic\"; font-size: 14.6667px; font-style: normal; font-variant-ligatures: normal; font-variant-caps: normal; font-weight: 400; letter-spacing: normal; orphans: 2; text-align: left; text-indent: 0px; text-transform: none; white-space: pre; widows: 2; word-spacing: 0px; -webkit-text-stroke-width: 0px; background-color: #ffffff; text-decoration-thickness: initial; text-decoration-style: initial; text-decoration-color: initial; display: inline !important; float: none;\">รวบรวมข้อมูลล้านนาและภาคเหนือด้านวัฒนธรรม ประเพณี ที่มีคุณค่าต่อการศึกษาและการวิจัย รวมถึงเป็นการเผยแพร่และสืบสานรักษาวัฒนธรรมข้อมูลล้านนาและภาคเหนือ</span>','2021-01-20 10:09:45','2021-01-20 10:09:45',1,NULL,NULL,1,'menu',NULL),(61,4,'Lanna Book Collection','Lanna Book Collection',NULL,'',NULL,NULL,'<span style=\"color: #444444; font-family: Calibri, sans-serif, \"Mongolian Baiti\", \"Microsoft Yi Baiti\", \"Javanese Text\", \"Yu Gothic\"; font-size: 14.6667px; font-style: normal; font-variant-ligatures: normal; font-variant-caps: normal; font-weight: 400; letter-spacing: normal; orphans: 2; text-align: left; text-indent: 0px; text-transform: none; white-space: pre; widows: 2; word-spacing: 0px; -webkit-text-stroke-width: 0px; background-color: #ffffff; text-decoration-thickness: initial; text-decoration-style: initial; text-decoration-color: initial; display: inline !important; float: none;\">รวบรวมหนังสือล้านนาและภาคเหนือที่มีคุณค่าต่อการศึกษาและการวิจัยของชุมชนมหาวิทยาลัยเชียงใหม่และสังคม ในทุกสาขาวิชา รวมถึงคอลเล็กชั่นหนังสือที่แต่งโดยนักวิชาการล้านนา/ปราชญ์/ผู้รู้/ครูภูมิปัญญาล้านนาและคอลเล็กชั่นหนังสือส่วนบุคคล</span>',2,1,1,NULL,'<span style=\"color: #444444; font-family: Calibri, sans-serif, \"Mongolian Baiti\", \"Microsoft Yi Baiti\", \"Javanese Text\", \"Yu Gothic\"; font-size: 14.6667px; font-style: normal; font-variant-ligatures: normal; font-variant-caps: normal; font-weight: 400; letter-spacing: normal; orphans: 2; text-align: left; text-indent: 0px; text-transform: none; white-space: pre; widows: 2; word-spacing: 0px; -webkit-text-stroke-width: 0px; background-color: #ffffff; text-decoration-thickness: initial; text-decoration-style: initial; text-decoration-color: initial; display: inline !important; float: none;\">รวบรวมหนังสือล้านนาและภาคเหนือที่มีคุณค่าต่อการศึกษาและการวิจัยของชุมชนมหาวิทยาลัยเชียงใหม่และสังคม ในทุกสาขาวิชา รวมถึงคอลเล็กชั่นหนังสือที่แต่งโดยนักวิชาการล้านนา/ปราชญ์/ผู้รู้/ครูภูมิปัญญาล้านนาและคอลเล็กชั่นหนังสือส่วนบุคคล</span>','2021-01-20 10:10:15','2021-01-20 10:10:15',1,NULL,NULL,1,'menu',NULL),(62,5,'ประวัติสำนักหอสมุด มหาวิทยาลัยเชียงใหม่','Background',NULL,'',NULL,NULL,'<span style=\"color: #444444; font-family: Calibri, sans-serif,;\" mongolian=\"\" baiti=\"\" microsoft=\"\" yi=\"\" javanese=\"\" text=\"\" yu=\"\" gothic=\"\" font-size:=\"\" 14=\"\" 6667px=\"\" font-style:=\"\" normal=\"\" font-variant-ligatures:=\"\" font-variant-caps:=\"\" font-weight:=\"\" 400=\"\" letter-spacing:=\"\" orphans:=\"\" 2=\"\" text-align:=\"\" left=\"\" text-indent:=\"\" 0px=\"\" text-transform:=\"\" none=\"\" white-space:=\"\" pre=\"\" widows:=\"\" word-spacing:=\"\" -webkit-text-stroke-width:=\"\" background-color:=\"\" ffffff=\"\" text-decoration-thickness:=\"\" initial=\"\" text-decoration-style:=\"\" text-decoration-color:=\"\" display:=\"\" inline=\"\" important=\"\" float:=\"\">&nbsp; &nbsp; &nbsp;สำนักหอสมุด มหาวิทยาลัยเชียงใหม่ เปิดดำเนินการพร้อมกับมหาวิทยาลัยเชียงใหม่ เมื่อวันที่ 19 มิถุนายน 2507 มีฐานะเป็นกองห้องสมุด สังกัดสำนักงานอธิการบดี โดยในระยะเริ่มแรกของการก่อตั้งได้ใช้ส่วนหนึ่งของอาคารภาควิชาเคมี คณะวิทยาศาสตร์เป็นที่ทำการชั่วคราว และ พ.ศ.2511 ได้ย้ายไปอยู่อาคารเอกเทศใกล้กับคณะสังคมศาสตร์ ต่อมาในปี พ.ศ.2519 ได้รับการยกฐานะจากกองห้องสมุดเป็นสำนักหอสมุดและได้รับงบประมาณสร้างอาคารใหม่ เป็นอาคาร 4 ชั้น มีพื้นที่ 8,824 ตารางเมตร เปิดให้บริการในเดือนตุลาคม พ.ศ.2522 ต่อมาอาคารสำนักหอสมุดเริ่มคับแคบ จำนวนที่นั่งสำหรับให้บริการไม่เพียงพอ ประกอบกับสำนักหอสมุดมีเป้าหมายพัฒนาให้เป็นห้องสมุดอิเล็กทรอนิกส์ เพื่อสามารถขยายรูปแบบการให้บริการให้ทันสมัยยิ่งขึ้น จึงได้มีการขยายอาคารโดยเชื่อมต่อกับอาคารเดิมไปทางด้านทิศใต้ เป็นอาคาร 5 ชั้น มีพื้นที่ 6,944 ตารางเมตร และได้เปิดให้บริการส่วนนี้ เมื่อวันที่ 4 มิถุนายน 2544 ดังนั้น ปัจจุบันสำนักหอสมุดมีพื้นที่ทั้งหมด 15,768 ตารางเมตร &nbsp; &nbsp; &nbsp;&nbsp; &nbsp; <br /><br />&nbsp; &nbsp; ในปี 2551 มหาวิทยาลัยเชียงใหม่ได้เปลี่ยนสถานะเป็นมหาวิทยาลัยในกำกับของรัฐ มีการประกาศใช้พระราชบัญญัติมหาวิทยาลัยเชียงใหม่ พ.ศ.2551 เมื่อวันที่ 6 มีนาคม 2551 และตามประกาศมหาวิทยาลัยเชียงใหม่ เรื่อง การจัดตั้งส่วนงานของมหาวิทยาลัยเชียงใหม่ พ.ศ.2551 เมื่อวันที่ 9 มิถุนายน 2551 มีผลให้สำนักหอสมุดได้รับการประกาศเป็นส่วนงานอื่นตามโครงสร้างองค์กรมหาวิทยาลัยเชียงใหม่ ต่อมาในปี 2552 จึงมีการแบ่งหน่วยงานในสำนักหอสมุดใหม่ตามประกาศมหาวิทยาลัยเชียงใหม่ เรื่อง การแบ่งหน่วยงานภายในส่วนงานวิชาการและส่วนงานอื่น (ฉบับที่ 2) ลงวันที่ 28 กุมภาพันธ์ 2552 ประกอบด้วย 1 สำนักงานสำนัก 5 ฝ่าย คือ ฝ่ายบริการทรัพยากรสารนิเทศ ฝ่ายพัฒนาและจัดระบบทรัพยากรสารนิเทศ ฝ่ายห้องสมุดและสารนิเทศสาขาวิทยาศาสตร์และเทคโนโลยี ฝ่ายห้องสมุดและสารนิเทศสาขาวิทยาศาสตร์สุขภาพ และฝ่ายห้องสมุดและสารนิเทศสาขาสังคมศาสตร์และมนุษยศาสตร์ ในปี 2553 ได้มีการแบ่งงานในสำนักงานสำนักตามประกาศมหาวิทยาลัยเชียงใหม่ เรื่อง การแบ่งงานในสำนักงานส่วนวิชาการและสำนักงานส่วนงานอื่น ลงวันที่ 16 กรกฎาคม 2553 ประกอบด้วย 3 งาน ได้แก่ งานบริหารทั่วไป งานการเงิน การคลังและพัสดุ และงานนโยบายและแผน สำหรับงานในฝ่ายทั้ง 5 ฝ่าย ยังคงแบ่งงานภายในตามประกาศสำนักหอสมุด เมื่อวันที่ 29 พฤษภาคม 2541 วันที่ 6 มิถุนายน 2543 และวันที่ 20 กรกฎาคม 2548</span>',1,1,1,NULL,'<span style=\"color: #444444; font-family: Calibri, sans-serif,;\" mongolian=\"\" baiti=\"\" microsoft=\"\" yi=\"\" javanese=\"\" text=\"\" yu=\"\" gothic=\"\" font-size:=\"\" 14=\"\" 6667px=\"\" font-style:=\"\" normal=\"\" font-variant-ligatures:=\"\" font-variant-caps:=\"\" font-weight:=\"\" 400=\"\" letter-spacing:=\"\" orphans:=\"\" 2=\"\" text-align:=\"\" left=\"\" text-indent:=\"\" 0px=\"\" text-transform:=\"\" none=\"\" white-space:=\"\" pre=\"\" widows:=\"\" word-spacing:=\"\" -webkit-text-stroke-width:=\"\" background-color:=\"\" ffffff=\"\" text-decoration-thickness:=\"\" initial=\"\" text-decoration-style:=\"\" text-decoration-color:=\"\" display:=\"\" inline=\"\" important=\"\" float:=\"\">&nbsp; &nbsp; &nbsp;สำนักหอสมุด มหาวิทยาลัยเชียงใหม่ เปิดดำเนินการพร้อมกับมหาวิทยาลัยเชียงใหม่ เมื่อวันที่ 19 มิถุนายน 2507 มีฐานะเป็นกองห้องสมุด สังกัดสำนักงานอธิการบดี โดยในระยะเริ่มแรกของการก่อตั้งได้ใช้ส่วนหนึ่งของอาคารภาควิชาเคมี คณะวิทยาศาสตร์เป็นที่ทำการชั่วคราว และ พ.ศ.2511 ได้ย้ายไปอยู่อาคารเอกเทศใกล้กับคณะสังคมศาสตร์ ต่อมาในปี พ.ศ.2519 ได้รับการยกฐานะจากกองห้องสมุดเป็นสำนักหอสมุดและได้รับงบประมาณสร้างอาคารใหม่ เป็นอาคาร 4 ชั้น มีพื้นที่ 8,824 ตารางเมตร เปิดให้บริการในเดือนตุลาคม พ.ศ.2522 ต่อมาอาคารสำนักหอสมุดเริ่มคับแคบ จำนวนที่นั่งสำหรับให้บริการไม่เพียงพอ ประกอบกับสำนักหอสมุดมีเป้าหมายพัฒนาให้เป็นห้องสมุดอิเล็กทรอนิกส์ เพื่อสามารถขยายรูปแบบการให้บริการให้ทันสมัยยิ่งขึ้น จึงได้มีการขยายอาคารโดยเชื่อมต่อกับอาคารเดิมไปทางด้านทิศใต้ เป็นอาคาร 5 ชั้น มีพื้นที่ 6,944 ตารางเมตร และได้เปิดให้บริการส่วนนี้ เมื่อวันที่ 4 มิถุนายน 2544 ดังนั้น ปัจจุบันสำนักหอสมุดมีพื้นที่ทั้งหมด 15,768 ตารางเมตร <br /><br />&nbsp; &nbsp; &nbsp;ในปี 2551 มหาวิทยาลัยเชียงใหม่ได้เปลี่ยนสถานะเป็นมหาวิทยาลัยในกำกับของรัฐ มีการประกาศใช้พระราชบัญญัติมหาวิทยาลัยเชียงใหม่ พ.ศ.2551 เมื่อวันที่ 6 มีนาคม 2551 และตามประกาศมหาวิทยาลัยเชียงใหม่ เรื่อง การจัดตั้งส่วนงานของมหาวิทยาลัยเชียงใหม่ พ.ศ.2551 เมื่อวันที่ 9 มิถุนายน 2551 มีผลให้สำนักหอสมุดได้รับการประกาศเป็นส่วนงานอื่นตามโครงสร้างองค์กรมหาวิทยาลัยเชียงใหม่ ต่อมาในปี 2552 จึงมีการแบ่งหน่วยงานในสำนักหอสมุดใหม่ตามประกาศมหาวิทยาลัยเชียงใหม่ เรื่อง การแบ่งหน่วยงานภายในส่วนงานวิชาการและส่วนงานอื่น (ฉบับที่ 2) ลงวันที่ 28 กุมภาพันธ์ 2552 ประกอบด้วย 1 สำนักงานสำนัก 5 ฝ่าย คือ ฝ่ายบริการทรัพยากรสารนิเทศ ฝ่ายพัฒนาและจัดระบบทรัพยากรสารนิเทศ ฝ่ายห้องสมุดและสารนิเทศสาขาวิทยาศาสตร์และเทคโนโลยี ฝ่ายห้องสมุดและสารนิเทศสาขาวิทยาศาสตร์สุขภาพ และฝ่ายห้องสมุดและสารนิเทศสาขาสังคมศาสตร์และมนุษยศาสตร์ ในปี 2553 ได้มีการแบ่งงานในสำนักงานสำนักตามประกาศมหาวิทยาลัยเชียงใหม่ เรื่อง การแบ่งงานในสำนักงานส่วนวิชาการและสำนักงานส่วนงานอื่น ลงวันที่ 16 กรกฎาคม 2553 ประกอบด้วย 3 งาน ได้แก่ งานบริหารทั่วไป งานการเงิน การคลังและพัสดุ และงานนโยบายและแผน สำหรับงานในฝ่ายทั้ง 5 ฝ่าย ยังคงแบ่งงานภายในตามประกาศสำนักหอสมุด เมื่อวันที่ 29 พฤษภาคม 2541 วันที่ 6 มิถุนายน 2543 และวันที่ 20 กรกฎาคม 2548</span>','2021-01-20 10:15:05','2021-01-20 11:31:32',1,NULL,NULL,1,'menu',NULL),(63,5,'โครงสร้างการบริหาร','โครงสร้างการบริหาร',NULL,'https://library.cmu.ac.th/cmul/sites/default/files/about_lib/organization_chart2019.jpg#overlay-context=th/content/%25E0%25B9%2582%25E0%25B8%2584%25E0%25B8%25A3%25E0%25B8%2587%25E0%25B8%25AA%25E0%2',NULL,NULL,'',2,2,1,NULL,'','2021-01-20 10:15:50','2021-01-20 11:58:23',1,NULL,NULL,1,'menu',NULL),(64,5,'วิสัยทัศน์ พันธกิจ ยุทธศาสตร์สำนักหอสมุด','วิสัยทัศน์ พันธกิจ ยุทธศาสตร์สำนักหอสมุด',NULL,'',NULL,NULL,'<span style=\"color: #444444; font-family: Calibri, sans-serif,;\" mongolian=\"\" baiti=\"\" microsoft=\"\" yi=\"\" javanese=\"\" text=\"\" yu=\"\" gothic=\"\" font-size:=\"\" 14=\"\" 6667px=\"\" font-style:=\"\" normal=\"\" font-variant-ligatures:=\"\" font-variant-caps:=\"\" font-weight:=\"\" 400=\"\" letter-spacing:=\"\" orphans:=\"\" 2=\"\" text-align:=\"\" left=\"\" text-indent:=\"\" 0px=\"\" text-transform:=\"\" none=\"\" white-space:=\"\" pre=\"\" widows:=\"\" word-spacing:=\"\" -webkit-text-stroke-width:=\"\" background-color:=\"\" ffffff=\"\" text-decoration-thickness:=\"\" initial=\"\" text-decoration-style:=\"\" text-decoration-color:=\"\" display:=\"\" inline=\"\" important=\"\" float:=\"\"><strong>วิสัยทัศน์สำนักหอสมุด <br /></strong><br />ประตูการเรียนรู้ชั้นนำเพื่อสนับสนุนการศึกษาและการวิจัยของชุมชนมหาวิทยาลัยเชียงใหม่และสังคม (Leading learning gateway facilitating education and research for CMU community and society) <br /><br /><strong>พันธกิจ</strong> <br /><br />จัดการทรัพยากรการเรียนรู้ด้วยการใช้เทคโนโลยีสมัยใหม่และนวัตกรรมบริการห้องสมุดอย่างมีประสิทธิภาพ (Manage learning resources with new technology and innovative library services efficiently) <br /><br /><strong>ยุทธศาสตร์สำนักหอสมุด</strong> <br /><br />ยุทธศาสตร์ที่ 1 พัฒนาทรัพยากรการเรียนรู้ <br />กลยุทธ์ที่ 1 เพิ่มคุณค่าและสงวนรักษาทรัพยากรการเรียนรู้ <br />กลยุทธ์ที่ 2 ปรับปรุงการเข้าถึงทรัพยากรการเรียนรู้ด้วยเทคโนโลยีและนวัตกรรม <br /><br />ยุทธศาสตร์ที่ 2 ให้บริการที่เป็นเลิศ <br />กลยุทธ์ที่ 1 พัฒนาบริการเพื่อสนับสนุนการเรียนรู้และการวิจัย <br />กลยุทธ์ที่ 2 ยกระดับการเข้าถึงและการใช้ทรัพยากรการเรียนรู้ <br />กลยุทธ์ที่ 3 เสริมสร้างทักษะการแสวงหาสารสนเทศและการเรียนรู้ <br /><br />ยุทธศาสตร์ที่ 3 ขับเคลื่อนองค์กรให้ทันต่อความเปลี่ยนแปลง <br />กลยุทธ์ที่ 1 สร้างความสามารถในการบริหารจัดการขององค์กร <br />กลยุทธ์ที่ 2 ปรับปรุงสถานที่และสิ่งแวดล้อมเพื่อเอื้อต่อการเรียนรู้ <br />กลยุทธ์ที่ 3 พัฒนาโครงสร้างพื้นฐานทางเทคโนโลยีสารสนเทศเพื่อรองรับนวัตกรรมบริการห้องสมุด</span>',3,1,1,NULL,'<span style=\"color: #444444; font-family: Calibri, sans-serif,;\" mongolian=\"\" baiti=\"\" microsoft=\"\" yi=\"\" javanese=\"\" text=\"\" yu=\"\" gothic=\"\" font-size:=\"\" 14=\"\" 6667px=\"\" font-style:=\"\" normal=\"\" font-variant-ligatures:=\"\" font-variant-caps:=\"\" font-weight:=\"\" 400=\"\" letter-spacing:=\"\" orphans:=\"\" 2=\"\" text-align:=\"\" left=\"\" text-indent:=\"\" 0px=\"\" text-transform:=\"\" none=\"\" white-space:=\"\" pre=\"\" widows:=\"\" word-spacing:=\"\" -webkit-text-stroke-width:=\"\" background-color:=\"\" ffffff=\"\" text-decoration-thickness:=\"\" initial=\"\" text-decoration-style:=\"\" text-decoration-color:=\"\" display:=\"\" inline=\"\" important=\"\" float:=\"\"><strong>วิสัยทัศน์สำนักหอสมุด <br /></strong><br />ประตูการเรียนรู้ชั้นนำเพื่อสนับสนุนการศึกษาและการวิจัยของชุมชนมหาวิทยาลัยเชียงใหม่และสังคม (Leading learning gateway facilitating education and research for CMU community and society) <br /><br /><strong>พันธกิจ</strong> <br /><br />จัดการทรัพยากรการเรียนรู้ด้วยการใช้เทคโนโลยีสมัยใหม่และนวัตกรรมบริการห้องสมุดอย่างมีประสิทธิภาพ (Manage learning resources with new technology and innovative library services efficiently) <br /><br /><strong>ยุทธศาสตร์สำนักหอสมุด</strong> <br /><br />ยุทธศาสตร์ที่ 1 พัฒนาทรัพยากรการเรียนรู้ <br />กลยุทธ์ที่ 1 เพิ่มคุณค่าและสงวนรักษาทรัพยากรการเรียนรู้ <br />กลยุทธ์ที่ 2 ปรับปรุงการเข้าถึงทรัพยากรการเรียนรู้ด้วยเทคโนโลยีและนวัตกรรม <br /><br />ยุทธศาสตร์ที่ 2 ให้บริการที่เป็นเลิศ <br />กลยุทธ์ที่ 1 พัฒนาบริการเพื่อสนับสนุนการเรียนรู้และการวิจัย <br />กลยุทธ์ที่ 2 ยกระดับการเข้าถึงและการใช้ทรัพยากรการเรียนรู้ <br />กลยุทธ์ที่ 3 เสริมสร้างทักษะการแสวงหาสารสนเทศและการเรียนรู้ <br /><br />ยุทธศาสตร์ที่ 3 ขับเคลื่อนองค์กรให้ทันต่อความเปลี่ยนแปลง <br />กลยุทธ์ที่ 1 สร้างความสามารถในการบริหารจัดการขององค์กร <br />กลยุทธ์ที่ 2 ปรับปรุงสถานที่และสิ่งแวดล้อมเพื่อเอื้อต่อการเรียนรู้ <br />กลยุทธ์ที่ 3 พัฒนาโครงสร้างพื้นฐานทางเทคโนโลยีสารสนเทศเพื่อรองรับนวัตกรรมบริการห้องสมุด</span>','2021-01-20 10:16:14','2021-01-20 11:58:40',1,NULL,NULL,1,'menu',NULL),(65,5,'ค่านิยมหลักของสำนักหอสมุด มช.','ค่านิยมหลักของสำนักหอสมุด มช.',NULL,'',NULL,NULL,'<span style=\"color: #444444; font-family: Calibri, sans-serif,;\" mongolian=\"\" baiti=\"\" microsoft=\"\" yi=\"\" javanese=\"\" text=\"\" yu=\"\" gothic=\"\" font-size:=\"\" 14=\"\" 6667px=\"\" font-style:=\"\" normal=\"\" font-variant-ligatures:=\"\" font-variant-caps:=\"\" font-weight:=\"\" 400=\"\" letter-spacing:=\"\" orphans:=\"\" 2=\"\" text-align:=\"\" left=\"\" text-indent:=\"\" 0px=\"\" text-transform:=\"\" none=\"\" white-space:=\"\" pre=\"\" widows:=\"\" word-spacing:=\"\" -webkit-text-stroke-width:=\"\" background-color:=\"\" ffffff=\"\" text-decoration-thickness:=\"\" initial=\"\" text-decoration-style:=\"\" text-decoration-color:=\"\" display:=\"\" inline=\"\" important=\"\" float:=\"\"><strong>ค่านิยมหลัก </strong><br /><br />C &ndash; Collaboration: ร่วมแรงร่วมใจ คำนิยาม การร่วมมือกันของบุคลากรในการทำงานเป็นทีมเพื่อมุ่งสู่เป้าหมายเดียวกัน โดยมุ่งประโยชน์ต่อสำนักหอสมุดและส่วนรวม <br /><br /><strong>ลักษณะของพฤติกรรมที่พึงประสงค์ </strong><br />1. ร่วมมือทำงานเพื่อบรรลุเป้าหมายขององค์กร <br />2. ตั้งใจและเต็มใจทำงานร่วมกับผู้อื่น <br />3. สามัคคีเป็นน้ำหนึ่งใจเดียวกัน <br /><br />M &ndash; Morality: ยึดในคุณธรรม <br /><br />คำนิยาม การยึดมั่นในความถูกต้องดีงามเป็นหลักในการปฏิบัติหน้าที่ และการดำเนินชีวิต <br /><br />ลักษณะของพฤติกรรมที่พึงประสงค์ <br />1. ซื่อสัตย์สุจริต <br />2. รับผิดชอบ ตรงต่อเวลา มีระเบียบวินัย <br />3. เคารพอาวุโส 4. มีน้ำใจต่อผู้อื่น <br /><br />U &ndash; User Focus: มุ่งมั่นบริการ <br />คำนิยาม การส่งมอบบริการที่มีคุณภาพ เพื่อสร้างความพึงพอใจสูงสุดให้แก่ผู้ใช้บริการ <br /><br />ลักษณะของพฤติกรรมที่พึงประสงค์ <br />1. รับฟังความต้องการของผู้ใช้บริการด้วยความใส่ใจ <br />2. เต็มใจให้บริการด้วยความสุภาพและเป็นมิตร <br />3. บริการอย่างถูกต้องและรวดเร็ว <br />4. บริการด้วยความเสมอภาค <br /><br />L &ndash; Learning: เรียนรู้งานอย่างต่อเนื่อง <br />คำนิยามการเรียนรู้งานที่รับผิดชอบอย่างถ่องแท้ และแสวงหาความรู้ที่เป็นประโยชน์ต่อการปฏิบัติงานอย่างสม่ำเสมอ <br /><br />ลักษณะของพฤติกรรมที่พึงประสงค์ <br />1. ใฝ่รู้ มุ่งมั่นพัฒนาตนเองอย่างต่อเนื่อง <br />2. แบ่งปันประสบการณ์ความรู้ของตนเองแก่ผู้อื่น <br />3. พัฒนา/ปรับปรุงวิธีการทำงานอย่างต่อเนื่อง</span>',4,1,1,NULL,'<span style=\"color: #444444; font-family: Calibri, sans-serif,;\" mongolian=\"\" baiti=\"\" microsoft=\"\" yi=\"\" javanese=\"\" text=\"\" yu=\"\" gothic=\"\" font-size:=\"\" 14=\"\" 6667px=\"\" font-style:=\"\" normal=\"\" font-variant-ligatures:=\"\" font-variant-caps:=\"\" font-weight:=\"\" 400=\"\" letter-spacing:=\"\" orphans:=\"\" 2=\"\" text-align:=\"\" left=\"\" text-indent:=\"\" 0px=\"\" text-transform:=\"\" none=\"\" white-space:=\"\" pre=\"\" widows:=\"\" word-spacing:=\"\" -webkit-text-stroke-width:=\"\" background-color:=\"\" ffffff=\"\" text-decoration-thickness:=\"\" initial=\"\" text-decoration-style:=\"\" text-decoration-color:=\"\" display:=\"\" inline=\"\" important=\"\" float:=\"\"><strong>ค่านิยมหลัก </strong><br /><br />C &ndash; Collaboration: ร่วมแรงร่วมใจ คำนิยาม การร่วมมือกันของบุคลากรในการทำงานเป็นทีมเพื่อมุ่งสู่เป้าหมายเดียวกัน โดยมุ่งประโยชน์ต่อสำนักหอสมุดและส่วนรวม <br /><br /><strong>ลักษณะของพฤติกรรมที่พึงประสงค์ </strong><br />1. ร่วมมือทำงานเพื่อบรรลุเป้าหมายขององค์กร <br />2. ตั้งใจและเต็มใจทำงานร่วมกับผู้อื่น <br />3. สามัคคีเป็นน้ำหนึ่งใจเดียวกัน <br /><br />M &ndash; Morality: ยึดในคุณธรรม <br /><br />คำนิยาม การยึดมั่นในความถูกต้องดีงามเป็นหลักในการปฏิบัติหน้าที่ และการดำเนินชีวิต <br /><br />ลักษณะของพฤติกรรมที่พึงประสงค์ <br />1. ซื่อสัตย์สุจริต <br />2. รับผิดชอบ ตรงต่อเวลา มีระเบียบวินัย <br />3. เคารพอาวุโส 4. มีน้ำใจต่อผู้อื่น <br /><br />U &ndash; User Focus: มุ่งมั่นบริการ <br />คำนิยาม การส่งมอบบริการที่มีคุณภาพ เพื่อสร้างความพึงพอใจสูงสุดให้แก่ผู้ใช้บริการ <br /><br />ลักษณะของพฤติกรรมที่พึงประสงค์ <br />1. รับฟังความต้องการของผู้ใช้บริการด้วยความใส่ใจ <br />2. เต็มใจให้บริการด้วยความสุภาพและเป็นมิตร <br />3. บริการอย่างถูกต้องและรวดเร็ว <br />4. บริการด้วยความเสมอภาค <br /><br />L &ndash; Learning: เรียนรู้งานอย่างต่อเนื่อง <br />คำนิยามการเรียนรู้งานที่รับผิดชอบอย่างถ่องแท้ และแสวงหาความรู้ที่เป็นประโยชน์ต่อการปฏิบัติงานอย่างสม่ำเสมอ <br /><br />ลักษณะของพฤติกรรมที่พึงประสงค์ <br />1. ใฝ่รู้ มุ่งมั่นพัฒนาตนเองอย่างต่อเนื่อง <br />2. แบ่งปันประสบการณ์ความรู้ของตนเองแก่ผู้อื่น <br />3. พัฒนา/ปรับปรุงวิธีการทำงานอย่างต่อเนื่อง</span>','2021-01-20 10:16:47','2021-01-20 11:58:15',1,NULL,NULL,1,'menu',NULL),(66,5,'สัญลักษณ์สำนักหอสมุด','The Library\'s Logo',NULL,'',NULL,NULL,'',5,0,1,NULL,'','2021-01-20 10:17:04','2021-01-20 11:11:36',1,NULL,NULL,1,'menu',NULL),(67,5,'คณะกรรมการอำนวยการ','Committee of University Council',NULL,'',NULL,NULL,'',6,0,1,NULL,'','2021-01-20 10:17:34','2021-01-20 10:18:21',1,NULL,NULL,1,'menu',NULL),(68,5,'คณะผู้บริหาร','Executives',NULL,'',NULL,NULL,'',7,0,1,NULL,'','2021-01-20 10:19:35','2021-01-20 10:19:35',1,NULL,NULL,1,'menu',NULL),(69,5,'บุคลากร','บุคลากร',NULL,'http://kmcorner.lib.cmu.ac.th/',NULL,NULL,'',8,2,1,NULL,'','2021-01-20 10:19:53','2021-01-20 11:59:03',1,NULL,NULL,1,'menu',NULL),(70,5,'การจัดการความรู้ภายในองค์กร','การจัดการความรู้ภายในองค์กร',NULL,'',NULL,NULL,'',9,0,1,NULL,'','2021-01-20 10:20:06','2021-01-20 11:59:09',1,NULL,NULL,1,'menu',NULL),(71,5,'ติดต่อ',' Contact',NULL,'',NULL,NULL,'<span style=\"font-size: 14pt;\"><strong>สำนักหอสมุด มหาวิทยาลัยเชียงใหม่</strong></span><br />239 ถนนห้วยแก้ว อ. เมือง จ. เชียงใหม่ 50200<br /><br /><strong><span style=\"font-size: 12pt;\">โทรศัพท์</span></strong><br />ติดต่อบริการช่วยการค้นคว้า 0-5394-4531<br />ติดต่อบริการยืม-คืน 0-5394-4513<br />ติดต่อ ประชาสัมพันธ์ 0-5394-4567<br />ติดต่อสำนักงาน 0-5394-4506<br />โทรสาร 0-5322-2766',10,1,1,NULL,'<span style=\"font-size: 14pt;\"><strong>สำนักหอสมุด มหาวิทยาลัยเชียงใหม่</strong></span><br />239 ถนนห้วยแก้ว อ. เมือง จ. เชียงใหม่ 50200<br /><br /><strong><span style=\"font-size: 12pt;\">โทรศัพท์</span></strong><br />ติดต่อบริการช่วยการค้นคว้า 0-5394-4531<br />ติดต่อบริการยืม-คืน 0-5394-4513<br />ติดต่อ ประชาสัมพันธ์ 0-5394-4567<br />ติดต่อสำนักงาน 0-5394-4506<br />โทรสาร 0-5322-2766','2021-01-20 10:20:25','2021-01-20 11:59:37',1,NULL,NULL,1,'menu',NULL),(72,4,'อาคารเฉลิมพระเกียรติ 7 รอบ พระชนมพรรษา มหาวิทยาลัยเชียงใหม่','His Majesty the King’s 7th Cycle Birthday Anniversary Building',NULL,'',NULL,NULL,'<span style=\"color: #444444; font-family: Calibri, sans-serif, \"Mongolian Baiti\", \"Microsoft Yi Baiti\", \"Javanese Text\", \"Yu Gothic\"; font-size: 14.6667px; font-style: normal; font-variant-ligatures: normal; font-variant-caps: normal; font-weight: 400; letter-spacing: normal; orphans: 2; text-align: left; text-indent: 0px; text-transform: none; white-space: pre; widows: 2; word-spacing: 0px; -webkit-text-stroke-width: 0px; background-color: #ffffff; text-decoration-thickness: initial; text-decoration-style: initial; text-decoration-color: initial; display: inline !important; float: none;\">เป็นศูนย์การเรียนรู้เรื่องราวเกี่ยวกับพระบาทสมเด็จพระบรมชนกาธิเบศร มหาภูมิพลอดุลยเดชมหาราช บรมนาถบพิตร (รัชกาลที่ 9 รวมถึงศึกษาข้อมูลเกี่ยวกับอาคารเฉลิมพระเกียรติ 7 รอบฯ แนวคิดการออกแบบและประดับตกแต่งอาคาร เนื้อหาที่เกี่ยวข้องกับพระราชกรณียกิจ และนิทรรศการออนไลน์ /http://hmk84.cmu.ac.th/articles</span>',3,1,1,NULL,'<span style=\"color: #444444; font-family: Calibri, sans-serif, \"Mongolian Baiti\", \"Microsoft Yi Baiti\", \"Javanese Text\", \"Yu Gothic\"; font-size: 14.6667px; font-style: normal; font-variant-ligatures: normal; font-variant-caps: normal; font-weight: 400; letter-spacing: normal; orphans: 2; text-align: left; text-indent: 0px; text-transform: none; white-space: pre; widows: 2; word-spacing: 0px; -webkit-text-stroke-width: 0px; background-color: #ffffff; text-decoration-thickness: initial; text-decoration-style: initial; text-decoration-color: initial; display: inline !important; float: none;\">เป็นศูนย์การเรียนรู้เรื่องราวเกี่ยวกับพระบาทสมเด็จพระบรมชนกาธิเบศร มหาภูมิพลอดุลยเดชมหาราช บรมนาถบพิตร (รัชกาลที่ 9 รวมถึงศึกษาข้อมูลเกี่ยวกับอาคารเฉลิมพระเกียรติ 7 รอบฯ แนวคิดการออกแบบและประดับตกแต่งอาคาร เนื้อหาที่เกี่ยวข้องกับพระราชกรณียกิจ และนิทรรศการออนไลน์ /http://hmk84.cmu.ac.th/articles</span>','2021-01-20 10:36:59','2021-01-20 10:36:59',1,NULL,NULL,1,'menu',NULL),(73,4,'หอประวัติมหาวิทยาลัยเชียงใหม่ (หอศิลป์ปิ่นมาลา)','Chiang Mai University\'s Historical Development Hall (Pin Mala Art Hall)',NULL,'',NULL,NULL,'<span style=\"color: #444444; font-family: Calibri, sans-serif, \"Mongolian Baiti\", \"Microsoft Yi Baiti\", \"Javanese Text\", \"Yu Gothic\"; font-size: 14.6667px; font-style: normal; font-variant-ligatures: normal; font-variant-caps: normal; font-weight: 400; letter-spacing: normal; orphans: 2; text-align: left; text-indent: 0px; text-transform: none; white-space: pre; widows: 2; word-spacing: 0px; -webkit-text-stroke-width: 0px; background-color: #ffffff; text-decoration-thickness: initial; text-decoration-style: initial; text-decoration-color: initial; display: inline !important; float: none;\">ประวัติและพัฒนาการของมหาวิทยาลัยเชียงใหม่ตั้งแต่เริ่มจัดตั้งจนถึงปัจจุบัน ข้อมูลและวาระการดำรงตำแหน่งของอดีตนายกสภามหาวิทยาลัยและอดีตอธิการบดีมหาวิทยาลัย รวมถึงของที่ระลึกที่มหาวิทยาลัยได้รับมอบจากหน่วยงานอื่นทั้งในประเทศและต่างประเทศ /https://library.cmu.ac.th/pinmala/index.php</span>',4,1,1,NULL,'<span style=\"color: #444444; font-family: Calibri, sans-serif, \"Mongolian Baiti\", \"Microsoft Yi Baiti\", \"Javanese Text\", \"Yu Gothic\"; font-size: 14.6667px; font-style: normal; font-variant-ligatures: normal; font-variant-caps: normal; font-weight: 400; letter-spacing: normal; orphans: 2; text-align: left; text-indent: 0px; text-transform: none; white-space: pre; widows: 2; word-spacing: 0px; -webkit-text-stroke-width: 0px; background-color: #ffffff; text-decoration-thickness: initial; text-decoration-style: initial; text-decoration-color: initial; display: inline !important; float: none;\">ประวัติและพัฒนาการของมหาวิทยาลัยเชียงใหม่ตั้งแต่เริ่มจัดตั้งจนถึงปัจจุบัน ข้อมูลและวาระการดำรงตำแหน่งของอดีตนายกสภามหาวิทยาลัยและอดีตอธิการบดีมหาวิทยาลัย รวมถึงของที่ระลึกที่มหาวิทยาลัยได้รับมอบจากหน่วยงานอื่นทั้งในประเทศและต่างประเทศ /https://library.cmu.ac.th/pinmala/index.php</span>','2021-01-20 10:37:42','2021-01-20 10:37:42',1,NULL,NULL,1,'menu',NULL),(74,4,'Rare Collection','',NULL,'',NULL,NULL,'',5,0,1,NULL,'','2021-01-20 10:38:21','2021-01-20 10:38:21',1,NULL,NULL,1,'menu',NULL),(75,74,'ฐานข้อมูลเอกสารมรดก','Digital Heritage',NULL,'',NULL,NULL,'<span style=\"color: #444444; font-family: Calibri, sans-serif, \"Mongolian Baiti\", \"Microsoft Yi Baiti\", \"Javanese Text\", \"Yu Gothic\"; font-size: 14.6667px; font-style: normal; font-variant-ligatures: normal; font-variant-caps: normal; font-weight: 400; letter-spacing: normal; orphans: 2; text-align: left; text-indent: 0px; text-transform: none; white-space: pre; widows: 2; word-spacing: 0px; -webkit-text-stroke-width: 0px; background-color: #ffffff; text-decoration-thickness: initial; text-decoration-style: initial; text-decoration-color: initial; display: inline !important; float: none;\">รวบรวมเอกสารมรดก ได้แก่ คัมภีร์ใบลาน พับสาและสมุดข่อย เป็นเอกสารบันทึกข้อมูลและความรู้ต่างๆ แบ่งเป็น 21 หมวด ได้แก่ พระวินัย พระสุตตันตปิฎก พระอภิธรรม คัมภีร์ภาษาบาลี บทสวดมนต์ อานิสงฆ์ ชาดก โอวาทคำสอน ประเพณีพิธีกรรม ธรรมทั่วไป นิยายธรรม นิยายนิทานพื้นบ้าน ตำนานทางพุทธศาสนา กฎหมาย ตำราอักษรศาสตร์ กวีนิพนธ์ร้อยกรอง ตำราโหราศาสตร์ ตำรายา รวมหลายหมวด และอื่นๆ</span>',1,1,1,NULL,'<span style=\"color: #444444; font-family: Calibri, sans-serif, \"Mongolian Baiti\", \"Microsoft Yi Baiti\", \"Javanese Text\", \"Yu Gothic\"; font-size: 14.6667px; font-style: normal; font-variant-ligatures: normal; font-variant-caps: normal; font-weight: 400; letter-spacing: normal; orphans: 2; text-align: left; text-indent: 0px; text-transform: none; white-space: pre; widows: 2; word-spacing: 0px; -webkit-text-stroke-width: 0px; background-color: #ffffff; text-decoration-thickness: initial; text-decoration-style: initial; text-decoration-color: initial; display: inline !important; float: none;\">รวบรวมเอกสารมรดก ได้แก่ คัมภีร์ใบลาน พับสาและสมุดข่อย เป็นเอกสารบันทึกข้อมูลและความรู้ต่างๆ แบ่งเป็น 21 หมวด ได้แก่ พระวินัย พระสุตตันตปิฎก พระอภิธรรม คัมภีร์ภาษาบาลี บทสวดมนต์ อานิสงฆ์ ชาดก โอวาทคำสอน ประเพณีพิธีกรรม ธรรมทั่วไป นิยายธรรม นิยายนิทานพื้นบ้าน ตำนานทางพุทธศาสนา กฎหมาย ตำราอักษรศาสตร์ กวีนิพนธ์ร้อยกรอง ตำราโหราศาสตร์ ตำรายา รวมหลายหมวด และอื่นๆ</span>','2021-01-20 10:38:43','2021-01-20 10:38:43',1,NULL,NULL,1,'menu',NULL),(76,74,'หนังสือหายาก','Rare Books',NULL,'',NULL,NULL,'<span style=\"color: #444444; font-family: Calibri, sans-serif, \"Mongolian Baiti\", \"Microsoft Yi Baiti\", \"Javanese Text\", \"Yu Gothic\"; font-size: 14.6667px; font-style: normal; font-variant-ligatures: normal; font-variant-caps: normal; font-weight: 400; letter-spacing: normal; orphans: 2; text-align: left; text-indent: 0px; text-transform: none; white-space: pre; widows: 2; word-spacing: 0px; -webkit-text-stroke-width: 0px; background-color: #ffffff; text-decoration-thickness: initial; text-decoration-style: initial; text-decoration-color: initial; display: inline !important; float: none;\">รวบรวมหนังสือหายาก (Rare books) เพื่อการค้นคว้าวิจัยชั้นสูงที่มีคุณค่าและหาได้ยากในห้องสมุดต่างๆ ส่วนใหญ่ไม่สามารถหาซื้อได้จากสำนักพิมพ์หรือร้านจำหน่ายหนังสือทั่วไป โดยมีขอบเขตของหนังสือหายากที่จัดให้บริการ จำนวน 9 ประเภท ได้แก่ 1) หนังสือที่จัดพิมพ์ในโอกาสพิเศษ และพิมพ์จำนวนจำกัด 2) หนังสือที่บันทึกเหตุการณ์สำคัญในประวัติศาสตร์ที่มีการวิพากษ์วิจารณ์สังคม เศรษฐกิจ และการเมืองในยุคใดยุคหนึ่ง 3) หนังสือพระราชนิพนธ์และหนังสือที่เกี่ยวกับราชวงศ์ทุกพระองค์ 4) หนังสือที่พิมพ์ก่อน พ.ศ. 2476 หรือ ก่อน ค.ศ. 1900 5) หนังสือเก่าที่มีความสำคัญในด้านที่เป็นเอกสารปฐมภูมิเกี่ยวกับประวัติการพิมพ์ของภูมิภาค ประเทศ หรือท้องถิ่น 6) หนังสือที่พิมพ์ใน พ.ศ. 2480 ซึ่งมีลักษณะตัวสะกดการันต์ต่างไปจากหนังสือภาษาไทยโดยทั่วไปที่พิมพ์ในปีอื่นๆ 7) หนังสือที่มีประวัติการครอบครองว่าเคยเป็นของบุคคลสำคัญหรือบุคคลผู้มีชื่อเสียงผู้ใดมาก่อน 8) หนังสือที่มีภาพประกอบที่สวยงามหาได้ยากหรือมีค่ามาก และ 9) หนังสือที่จัดทำด้วยวัสดุที่มีค่าอย่างประณีตสวยงาม</span>',2,1,1,NULL,'<span style=\"color: #444444; font-family: Calibri, sans-serif, \"Mongolian Baiti\", \"Microsoft Yi Baiti\", \"Javanese Text\", \"Yu Gothic\"; font-size: 14.6667px; font-style: normal; font-variant-ligatures: normal; font-variant-caps: normal; font-weight: 400; letter-spacing: normal; orphans: 2; text-align: left; text-indent: 0px; text-transform: none; white-space: pre; widows: 2; word-spacing: 0px; -webkit-text-stroke-width: 0px; background-color: #ffffff; text-decoration-thickness: initial; text-decoration-style: initial; text-decoration-color: initial; display: inline !important; float: none;\">รวบรวมหนังสือหายาก (Rare books) เพื่อการค้นคว้าวิจัยชั้นสูงที่มีคุณค่าและหาได้ยากในห้องสมุดต่างๆ ส่วนใหญ่ไม่สามารถหาซื้อได้จากสำนักพิมพ์หรือร้านจำหน่ายหนังสือทั่วไป โดยมีขอบเขตของหนังสือหายากที่จัดให้บริการ จำนวน 9 ประเภท ได้แก่ 1) หนังสือที่จัดพิมพ์ในโอกาสพิเศษ และพิมพ์จำนวนจำกัด 2) หนังสือที่บันทึกเหตุการณ์สำคัญในประวัติศาสตร์ที่มีการวิพากษ์วิจารณ์สังคม เศรษฐกิจ และการเมืองในยุคใดยุคหนึ่ง 3) หนังสือพระราชนิพนธ์และหนังสือที่เกี่ยวกับราชวงศ์ทุกพระองค์ 4) หนังสือที่พิมพ์ก่อน พ.ศ. 2476 หรือ ก่อน ค.ศ. 1900 5) หนังสือเก่าที่มีความสำคัญในด้านที่เป็นเอกสารปฐมภูมิเกี่ยวกับประวัติการพิมพ์ของภูมิภาค ประเทศ หรือท้องถิ่น 6) หนังสือที่พิมพ์ใน พ.ศ. 2480 ซึ่งมีลักษณะตัวสะกดการันต์ต่างไปจากหนังสือภาษาไทยโดยทั่วไปที่พิมพ์ในปีอื่นๆ 7) หนังสือที่มีประวัติการครอบครองว่าเคยเป็นของบุคคลสำคัญหรือบุคคลผู้มีชื่อเสียงผู้ใดมาก่อน 8) หนังสือที่มีภาพประกอบที่สวยงามหาได้ยากหรือมีค่ามาก และ 9) หนังสือที่จัดทำด้วยวัสดุที่มีค่าอย่างประณีตสวยงาม</span>','2021-01-20 10:39:08','2021-01-20 10:39:08',1,NULL,NULL,1,'menu',NULL),(77,74,'โน้ตเพลงไทย','Thai Notated Music',NULL,'',NULL,NULL,'<span style=\"color: #444444; font-family: Calibri, sans-serif, \"Mongolian Baiti\", \"Microsoft Yi Baiti\", \"Javanese Text\", \"Yu Gothic\"; font-size: 14.6667px; font-style: normal; font-variant-ligatures: normal; font-variant-caps: normal; font-weight: 400; letter-spacing: normal; orphans: 2; text-align: left; text-indent: 0px; text-transform: none; white-space: pre; widows: 2; word-spacing: 0px; -webkit-text-stroke-width: 0px; background-color: #ffffff; text-decoration-thickness: initial; text-decoration-style: initial; text-decoration-color: initial; display: inline !important; float: none;\">รวบรวมโน้ตเพลงไทย (Thai Notated Music) อาทิ โน้ตซออู้ และโน้ตซอด้วง ที่ประพันธ์โดยศิลปินแห่งชาติและศิลปินที่มีชื่อเสียง เป็นโน้ตเพลงไทยที่มีคุณค่าและหาได้ยาก เป็นประโยชน์ในด้านการศึกษา การค้นคว้า และการวิจัย</span>',3,1,1,NULL,'<span style=\"color: #444444; font-family: Calibri, sans-serif, \"Mongolian Baiti\", \"Microsoft Yi Baiti\", \"Javanese Text\", \"Yu Gothic\"; font-size: 14.6667px; font-style: normal; font-variant-ligatures: normal; font-variant-caps: normal; font-weight: 400; letter-spacing: normal; orphans: 2; text-align: left; text-indent: 0px; text-transform: none; white-space: pre; widows: 2; word-spacing: 0px; -webkit-text-stroke-width: 0px; background-color: #ffffff; text-decoration-thickness: initial; text-decoration-style: initial; text-decoration-color: initial; display: inline !important; float: none;\">รวบรวมโน้ตเพลงไทย (Thai Notated Music) อาทิ โน้ตซออู้ และโน้ตซอด้วง ที่ประพันธ์โดยศิลปินแห่งชาติและศิลปินที่มีชื่อเสียง เป็นโน้ตเพลงไทยที่มีคุณค่าและหาได้ยาก เป็นประโยชน์ในด้านการศึกษา การค้นคว้า และการวิจัย</span>','2021-01-20 10:39:30','2021-01-20 10:39:30',1,NULL,NULL,1,'menu',NULL),(78,74,'วารสารหายาก','Rare Journals',NULL,'',NULL,NULL,'<span style=\"color: #444444; font-family: Calibri, sans-serif, \"Mongolian Baiti\", \"Microsoft Yi Baiti\", \"Javanese Text\", \"Yu Gothic\"; font-size: 14.6667px; font-style: normal; font-variant-ligatures: normal; font-variant-caps: normal; font-weight: 400; letter-spacing: normal; orphans: 2; text-align: left; text-indent: 0px; text-transform: none; white-space: pre; widows: 2; word-spacing: 0px; -webkit-text-stroke-width: 0px; background-color: #ffffff; text-decoration-thickness: initial; text-decoration-style: initial; text-decoration-color: initial; display: inline !important; float: none;\">รวบรวมวารสารหายาก (Rare Journals) ที่มีอายุการจัดพิมพ์มายาวนานหรือที่จัดพิมพ์ขึ้นเนื่องในโอกาสพิเศษและมีการผลิตจำนวนจำกัด ซึ่งพิจารณาแล้วเห็นว่าเป็นวารสารที่มีคุณค่าและหาได้ยาก ใช้เป็นเอกสารอ้างอิงสำหรับการศึกษา ค้นคว้าและวิจัย </span>',4,1,1,NULL,'<span style=\"color: #444444; font-family: Calibri, sans-serif, \"Mongolian Baiti\", \"Microsoft Yi Baiti\", \"Javanese Text\", \"Yu Gothic\"; font-size: 14.6667px; font-style: normal; font-variant-ligatures: normal; font-variant-caps: normal; font-weight: 400; letter-spacing: normal; orphans: 2; text-align: left; text-indent: 0px; text-transform: none; white-space: pre; widows: 2; word-spacing: 0px; -webkit-text-stroke-width: 0px; background-color: #ffffff; text-decoration-thickness: initial; text-decoration-style: initial; text-decoration-color: initial; display: inline !important; float: none;\">รวบรวมวารสารหายาก (Rare Journals) ที่มีอายุการจัดพิมพ์มายาวนานหรือที่จัดพิมพ์ขึ้นเนื่องในโอกาสพิเศษและมีการผลิตจำนวนจำกัด ซึ่งพิจารณาแล้วเห็นว่าเป็นวารสารที่มีคุณค่าและหาได้ยาก ใช้เป็นเอกสารอ้างอิงสำหรับการศึกษา ค้นคว้าและวิจัย </span>','2021-01-20 10:39:51','2021-01-20 10:39:51',1,NULL,NULL,1,'menu',NULL),(79,74,'หนังสือพิมพ์หายาก','Rare Newspapers',NULL,'',NULL,NULL,'<span style=\"color: #444444; font-family: Calibri, sans-serif, \"Mongolian Baiti\", \"Microsoft Yi Baiti\", \"Javanese Text\", \"Yu Gothic\"; font-size: 14.6667px; font-style: normal; font-variant-ligatures: normal; font-variant-caps: normal; font-weight: 400; letter-spacing: normal; orphans: 2; text-align: left; text-indent: 0px; text-transform: none; white-space: pre; widows: 2; word-spacing: 0px; -webkit-text-stroke-width: 0px; background-color: #ffffff; text-decoration-thickness: initial; text-decoration-style: initial; text-decoration-color: initial; display: inline !important; float: none;\">รวบรวมหนังสือพิมพ์หายาก (Rare Newspapers) ทั้งฉบับภาษาไทยและภาษาอังกฤษที่มีอายุการจัดพิมพ์มายาวนานหรือยกเลิกการผลิตแล้ว เป็นหนังสือพิมพ์ที่ไม่สามารถแสวงหาได้โดยง่ายจากห้องสมุดต่างๆ หรือร้านค้าทั่วไป มีคุณค่าต่อการศึกษาค้นคว้าและวิจัย</span>',5,1,1,NULL,'<span style=\"color: #444444; font-family: Calibri, sans-serif, \"Mongolian Baiti\", \"Microsoft Yi Baiti\", \"Javanese Text\", \"Yu Gothic\"; font-size: 14.6667px; font-style: normal; font-variant-ligatures: normal; font-variant-caps: normal; font-weight: 400; letter-spacing: normal; orphans: 2; text-align: left; text-indent: 0px; text-transform: none; white-space: pre; widows: 2; word-spacing: 0px; -webkit-text-stroke-width: 0px; background-color: #ffffff; text-decoration-thickness: initial; text-decoration-style: initial; text-decoration-color: initial; display: inline !important; float: none;\">รวบรวมหนังสือพิมพ์หายาก (Rare Newspapers) ทั้งฉบับภาษาไทยและภาษาอังกฤษที่มีอายุการจัดพิมพ์มายาวนานหรือยกเลิกการผลิตแล้ว เป็นหนังสือพิมพ์ที่ไม่สามารถแสวงหาได้โดยง่ายจากห้องสมุดต่างๆ หรือร้านค้าทั่วไป มีคุณค่าต่อการศึกษาค้นคว้าและวิจัย</span>','2021-01-20 10:40:13','2021-01-20 10:40:13',1,NULL,NULL,1,'menu',NULL),(80,74,'แผนที่','Maps',NULL,'',NULL,NULL,'<span style=\"color: #444444; font-family: Calibri, sans-serif, \"Mongolian Baiti\", \"Microsoft Yi Baiti\", \"Javanese Text\", \"Yu Gothic\"; font-size: 14.6667px; font-style: normal; font-variant-ligatures: normal; font-variant-caps: normal; font-weight: 400; letter-spacing: normal; orphans: 2; text-align: left; text-indent: 0px; text-transform: none; white-space: pre; widows: 2; word-spacing: 0px; -webkit-text-stroke-width: 0px; background-color: #ffffff; text-decoration-thickness: initial; text-decoration-style: initial; text-decoration-color: initial; display: inline !important; float: none;\">รวบรวมแผนที่เพื่อการศึกษาและวิจัยหลากหลายประเภท ได้แก่ แผนที่ทั่วไป แผนที่ทางหลวง แผนที่ผังเมือง แผนที่ทรวดทรง แผนที่การใช้ที่ดิน และแผนที่เฉพาะเรื่อง ของประเทศไทยทั้งในระดับจังหวัด ภูมิภาค และประเทศ รวมถึงแผนที่ต่างประเทศ แผนที่ทวีป และแผนที่โลก </span>',6,1,1,NULL,'<span style=\"color: #444444; font-family: Calibri, sans-serif, \"Mongolian Baiti\", \"Microsoft Yi Baiti\", \"Javanese Text\", \"Yu Gothic\"; font-size: 14.6667px; font-style: normal; font-variant-ligatures: normal; font-variant-caps: normal; font-weight: 400; letter-spacing: normal; orphans: 2; text-align: left; text-indent: 0px; text-transform: none; white-space: pre; widows: 2; word-spacing: 0px; -webkit-text-stroke-width: 0px; background-color: #ffffff; text-decoration-thickness: initial; text-decoration-style: initial; text-decoration-color: initial; display: inline !important; float: none;\">รวบรวมแผนที่เพื่อการศึกษาและวิจัยหลากหลายประเภท ได้แก่ แผนที่ทั่วไป แผนที่ทางหลวง แผนที่ผังเมือง แผนที่ทรวดทรง แผนที่การใช้ที่ดิน และแผนที่เฉพาะเรื่อง ของประเทศไทยทั้งในระดับจังหวัด ภูมิภาค และประเทศ รวมถึงแผนที่ต่างประเทศ แผนที่ทวีป และแผนที่โลก </span>','2021-01-20 10:40:33','2021-01-20 10:40:33',1,NULL,NULL,1,'menu',NULL),(81,4,'Archives Collection','',NULL,'',NULL,NULL,'',6,0,1,NULL,'','2021-01-20 10:40:53','2021-01-20 10:40:53',1,NULL,NULL,1,'menu',NULL),(82,81,'จดหมายเหตุ มหาวิทยาลัยเชียงใหม่','Chiang Mai University Archives',NULL,'',NULL,NULL,'<span style=\"color: #444444; font-family: Calibri, sans-serif, \"Mongolian Baiti\", \"Microsoft Yi Baiti\", \"Javanese Text\", \"Yu Gothic\"; font-size: 14.6667px; font-style: normal; font-variant-ligatures: normal; font-variant-caps: normal; font-weight: 400; letter-spacing: normal; orphans: 2; text-align: left; text-indent: 0px; text-transform: none; white-space: pre; widows: 2; word-spacing: 0px; -webkit-text-stroke-width: 0px; background-color: #ffffff; text-decoration-thickness: initial; text-decoration-style: initial; text-decoration-color: initial; display: inline !important; float: none;\">รวบรวมจดหมายเหตุหรือเอกสารที่สร้างขึ้นเพื่อการปฏิบัติงานหรือดำเนินกิจกรรมต่างๆ ที่เกี่ยวข้องกับมหาวิทยาลัยเชียงใหม่ ซึ่งเป็นเอกสารที่สิ้นกระแสการปฏิบัติงานแล้วและผ่านการประเมินแล้วว่ามีคุณค่าควรแก่การอนุรักษ์ไว้ เพื่อเป็นหลักฐานปกป้องคุ้มครองสิทธิ เป็นหลักฐานซึ่งจะสะท้อนถึงประวัติพัฒนาการ เหตุการณ์ กิจกรรม ของหน่วยงาน อันมีคุณค่าต่อการศึกษาและการวิจัย </span>',1,1,1,NULL,'<span style=\"color: #444444; font-family: Calibri, sans-serif, \"Mongolian Baiti\", \"Microsoft Yi Baiti\", \"Javanese Text\", \"Yu Gothic\"; font-size: 14.6667px; font-style: normal; font-variant-ligatures: normal; font-variant-caps: normal; font-weight: 400; letter-spacing: normal; orphans: 2; text-align: left; text-indent: 0px; text-transform: none; white-space: pre; widows: 2; word-spacing: 0px; -webkit-text-stroke-width: 0px; background-color: #ffffff; text-decoration-thickness: initial; text-decoration-style: initial; text-decoration-color: initial; display: inline !important; float: none;\">รวบรวมจดหมายเหตุหรือเอกสารที่สร้างขึ้นเพื่อการปฏิบัติงานหรือดำเนินกิจกรรมต่างๆ ที่เกี่ยวข้องกับมหาวิทยาลัยเชียงใหม่ ซึ่งเป็นเอกสารที่สิ้นกระแสการปฏิบัติงานแล้วและผ่านการประเมินแล้วว่ามีคุณค่าควรแก่การอนุรักษ์ไว้ เพื่อเป็นหลักฐานปกป้องคุ้มครองสิทธิ เป็นหลักฐานซึ่งจะสะท้อนถึงประวัติพัฒนาการ เหตุการณ์ กิจกรรม ของหน่วยงาน อันมีคุณค่าต่อการศึกษาและการวิจัย </span>','2021-01-20 10:41:17','2021-01-20 10:41:17',1,NULL,NULL,1,'menu',NULL),(83,81,'จดหมายเหตุ สำนักหอสมุดมหาวิทยาลัยเชียงใหม่','Chiang Mai University Library Archives',NULL,'',NULL,NULL,'<span style=\"color: #444444; font-family: Calibri, sans-serif, \"Mongolian Baiti\", \"Microsoft Yi Baiti\", \"Javanese Text\", \"Yu Gothic\"; font-size: 14.6667px; font-style: normal; font-variant-ligatures: normal; font-variant-caps: normal; font-weight: 400; letter-spacing: normal; orphans: 2; text-align: left; text-indent: 0px; text-transform: none; white-space: pre; widows: 2; word-spacing: 0px; -webkit-text-stroke-width: 0px; background-color: #ffffff; text-decoration-thickness: initial; text-decoration-style: initial; text-decoration-color: initial; display: inline !important; float: none;\">รวบรวมจดหมายเหตุหรือเอกสารที่สร้างขึ้นเพื่อการปฏิบัติงานหรือดำเนินกิจกรรมต่างๆ ที่เกี่ยวข้องกับสำนักหอสมุด มหาวิทยาลัยเชียงใหม่ ซึ่งเป็นเอกสารที่สิ้นกระแสการปฏิบัติงานแล้วและผ่านการประเมินแล้วว่ามีคุณค่าควรแก่การอนุรักษ์ไว้ เพื่อเป็นหลักฐานปกป้องคุ้มครองสิทธิ เป็นหลักฐานซึ่งจะสะท้อนถึงประวัติพัฒนาการ เหตุการณ์ กิจกรรม ของหน่วยงาน อันมีคุณค่าต่อการศึกษาและการวิจัย</span>',2,1,1,NULL,'<span style=\"color: #444444; font-family: Calibri, sans-serif, \"Mongolian Baiti\", \"Microsoft Yi Baiti\", \"Javanese Text\", \"Yu Gothic\"; font-size: 14.6667px; font-style: normal; font-variant-ligatures: normal; font-variant-caps: normal; font-weight: 400; letter-spacing: normal; orphans: 2; text-align: left; text-indent: 0px; text-transform: none; white-space: pre; widows: 2; word-spacing: 0px; -webkit-text-stroke-width: 0px; background-color: #ffffff; text-decoration-thickness: initial; text-decoration-style: initial; text-decoration-color: initial; display: inline !important; float: none;\">รวบรวมจดหมายเหตุหรือเอกสารที่สร้างขึ้นเพื่อการปฏิบัติงานหรือดำเนินกิจกรรมต่างๆ ที่เกี่ยวข้องกับสำนักหอสมุด มหาวิทยาลัยเชียงใหม่ ซึ่งเป็นเอกสารที่สิ้นกระแสการปฏิบัติงานแล้วและผ่านการประเมินแล้วว่ามีคุณค่าควรแก่การอนุรักษ์ไว้ เพื่อเป็นหลักฐานปกป้องคุ้มครองสิทธิ เป็นหลักฐานซึ่งจะสะท้อนถึงประวัติพัฒนาการ เหตุการณ์ กิจกรรม ของหน่วยงาน อันมีคุณค่าต่อการศึกษาและการวิจัย</span>','2021-01-20 10:41:40','2021-01-20 10:41:40',1,NULL,NULL,1,'menu',NULL),(84,3,'A to Z','A to Z',NULL,'https://cmu.on.worldcat.org/atoztitles/search',NULL,NULL,'<span style=\"color: #444444; font-family: Calibri, sans-serif,;\" mongolian=\"\" baiti=\"\" microsoft=\"\" yi=\"\" javanese=\"\" text=\"\" yu=\"\" gothic=\"\" font-size:=\"\" 14=\"\" 6667px=\"\" font-style:=\"\" normal=\"\" font-variant-ligatures:=\"\" font-variant-caps:=\"\" font-weight:=\"\" 400=\"\" letter-spacing:=\"\" orphans:=\"\" 2=\"\" text-align:=\"\" left=\"\" text-indent:=\"\" 0px=\"\" text-transform:=\"\" none=\"\" white-space:=\"\" pre=\"\" widows:=\"\" word-spacing:=\"\" -webkit-text-stroke-width:=\"\" background-color:=\"\" ffffff=\"\" text-decoration-thickness:=\"\" initial=\"\" text-decoration-style:=\"\" text-decoration-color:=\"\" display:=\"\" inline=\"\" important=\"\" float:=\"\">เครื่องมือช่วยอำนวยความสะดวกผู้ใช้บริการ ในการเข้าใช้วารสารออนไลน์ ผู้ใช้สามารถสืบค้นรายชื่อวารสารภาษาอังกฤษที่มีให้บริการผ่านฐานข้อมูลและวารสารออนไลน์ที่ สำนักหอสมุดมหาวิทยาลัยเชียงใหม่บอกรับ การสืบค้นผู้ใช้บริการสามารถสืบค้นด้วยคำสำคัญของชื่อวารสาร หรือ เรียกดูรายชื่อวารสารตามลำดับอักษร และตามหัวเรื่องของวารสาร พร้อมกับเชื่อมโยงไปยังฐานข้อมูลที่มีวารสารชื่อนั้น ๆ ให้บริการ ซึ่งสามารถเลือกอ่านและเรียกดูเอกสารฉบับเต็มได้อย่างรวดเร็ว</span>',1,1,1,NULL,'<span style=\"color: #444444; font-family: Calibri, sans-serif,;\" mongolian=\"\" baiti=\"\" microsoft=\"\" yi=\"\" javanese=\"\" text=\"\" yu=\"\" gothic=\"\" font-size:=\"\" 14=\"\" 6667px=\"\" font-style:=\"\" normal=\"\" font-variant-ligatures:=\"\" font-variant-caps:=\"\" font-weight:=\"\" 400=\"\" letter-spacing:=\"\" orphans:=\"\" 2=\"\" text-align:=\"\" left=\"\" text-indent:=\"\" 0px=\"\" text-transform:=\"\" none=\"\" white-space:=\"\" pre=\"\" widows:=\"\" word-spacing:=\"\" -webkit-text-stroke-width:=\"\" background-color:=\"\" ffffff=\"\" text-decoration-thickness:=\"\" initial=\"\" text-decoration-style:=\"\" text-decoration-color:=\"\" display:=\"\" inline=\"\" important=\"\" float:=\"\">A to Z is a tool to facilitate using of an online journal. The tool can be used for searching for English journal title, which has a service via database and the online journal, that Chiang Mai University Library is a member by using an important word from the journal or checking a name list according to a letter, respectively, or a journal subject, which is connecting to the data base, which has a journal name in order to quickly access to full text.</span>','2021-01-20 10:44:06','2021-01-20 10:45:11',1,NULL,NULL,1,'menu',NULL),(85,3,'AAP-American Academy of Pediatrics','AAP-American Academy of Pediatrics',NULL,'https://www.aappublications.org/',NULL,NULL,'<span style=\"color: #444444; font-family: Calibri, sans-serif, \"Mongolian Baiti\", \"Microsoft Yi Baiti\", \"Javanese Text\", \"Yu Gothic\"; font-size: 14.6667px; font-style: normal; font-variant-ligatures: normal; font-variant-caps: normal; font-weight: 400; letter-spacing: normal; orphans: 2; text-align: left; text-indent: 0px; text-transform: none; white-space: pre; widows: 2; word-spacing: 0px; -webkit-text-stroke-width: 0px; background-color: #ffffff; text-decoration-thickness: initial; text-decoration-style: initial; text-decoration-color: initial; display: inline !important; float: none;\">ฐานข้อมูลวารสารอิเล็กทรอนิกส์ ในสาขาวิชากุมารเวชศาสตร์ ของสำนักพิมพ์ American Academy of Pediatrics ให้เอกสารฉบับเต็มของวารสาร ได้แก่ Pediatrics in Review, NeoReviews, AAP Grand Rounds, AAP News, The AAP eArchive และ Hospital Pediatrics แสดงผลในรูปแบบ HTML และ PDF</span>',2,1,1,NULL,'<span style=\"color: #444444; font-family: Calibri, sans-serif, \"Mongolian Baiti\", \"Microsoft Yi Baiti\", \"Javanese Text\", \"Yu Gothic\"; font-size: 14.6667px; font-style: normal; font-variant-ligatures: normal; font-variant-caps: normal; font-weight: 400; letter-spacing: normal; orphans: 2; text-align: left; text-indent: 0px; text-transform: none; white-space: pre; widows: 2; word-spacing: 0px; -webkit-text-stroke-width: 0px; background-color: #ffffff; text-decoration-thickness: initial; text-decoration-style: initial; text-decoration-color: initial; display: inline !important; float: none;\">E-database for journal of pediatrics section of American Academy of Pediatrics provides full text of the journals for 5 names:- Pediatrics, Pediatrics in Review, NeoReview, AAP Grand Rounds and AAP News. Full text has been received since 1990 until the presen.</span>','2021-01-20 10:44:54','2021-01-20 10:44:54',1,NULL,NULL,1,'menu',NULL),(86,3,'ACS Publications','ACS Publications',NULL,'https://pubs.acs.org/',NULL,NULL,'<span style=\"color: #444444; font-family: Calibri, sans-serif, \"Mongolian Baiti\", \"Microsoft Yi Baiti\", \"Javanese Text\", \"Yu Gothic\"; font-size: 14.6667px; font-style: normal; font-variant-ligatures: normal; font-variant-caps: normal; font-weight: 400; letter-spacing: normal; orphans: 2; text-align: left; text-indent: 0px; text-transform: none; white-space: pre; widows: 2; word-spacing: 0px; -webkit-text-stroke-width: 0px; background-color: #ffffff; text-decoration-thickness: initial; text-decoration-style: initial; text-decoration-color: initial; display: inline !important; float: none;\">ฐานข้อมูลที่รวบรวมบทความ และงานวิจัย จากวารสารทางด้านเคมีและวิทยาศาสตร์ที่เกี่ยวข้องโดยรวบรวมจากวารสารทั้งที่พิมพ์เป็นรูปเล่ม วารสารอิเล็กทรอนิกส์(Electronic Journals) ข้อมูลที่ได้จากการสืบค้นเป็นข้อมูลฉบับเต็ม(Full Text) และรูปภาพ (Image) ย้อนหลังตั้งแต่ปี 1996</span>',6,1,1,NULL,'<span style=\"color: #444444; font-family: Calibri, sans-serif, \"Mongolian Baiti\", \"Microsoft Yi Baiti\", \"Javanese Text\", \"Yu Gothic\"; font-size: 14.6667px; font-style: normal; font-variant-ligatures: normal; font-variant-caps: normal; font-weight: 400; letter-spacing: normal; orphans: 2; text-align: left; text-indent: 0px; text-transform: none; white-space: pre; widows: 2; word-spacing: 0px; -webkit-text-stroke-width: 0px; background-color: #ffffff; text-decoration-thickness: initial; text-decoration-style: initial; text-decoration-color: initial; display: inline !important; float: none;\">Databases for e-journals of Chemistry and Science of American Chemical Society consist of full text journals for 34 titles with data during 1996.</span>','2021-01-20 10:47:13','2021-01-20 10:47:13',1,NULL,NULL,1,'menu',NULL),(87,3,'Access Based Model of Wiley Medical Journal ','Access Based Model of Wiley Medical Journal ',NULL,'https://onlinelibrary.wiley.com/?CRETRY=1',NULL,NULL,'<span style=\"color: #444444; font-family: Calibri, sans-serif, \"Mongolian Baiti\", \"Microsoft Yi Baiti\", \"Javanese Text\", \"Yu Gothic\"; font-size: 14.6667px; font-style: normal; font-variant-ligatures: normal; font-variant-caps: normal; font-weight: 400; letter-spacing: normal; orphans: 2; text-align: left; text-indent: 0px; text-transform: none; white-space: pre; widows: 2; word-spacing: 0px; -webkit-text-stroke-width: 0px; background-color: #ffffff; text-decoration-thickness: initial; text-decoration-style: initial; text-decoration-color: initial; display: inline !important; float: none;\">ฐานข้อมูลประกอบไปด้วยวารสารแพทยศาสตร์ จำนวนรวม 230 ชื่อเรื่อง สามารถเข้าใช้งานวารสารฉบับเต็มตั้งแต่ปี 2010 &ndash; 2021 สามารถบันทึกไฟล์ (Save File) และพิมพ์ไฟล์ (Print File ) แสดงผลในรูปแบบ HTML และ PDF เพื่อไปเผยแพร่โดยวัตถุประสงค์เพื่อการเรียนรู้ภายในสถาบัน สามารเข้าใช้งานแบบไม่จำกัดจำนวนผู้ใช้</span>',7,1,1,NULL,'<span style=\"color: #444444; font-family: Calibri, sans-serif, \"Mongolian Baiti\", \"Microsoft Yi Baiti\", \"Javanese Text\", \"Yu Gothic\"; font-size: 14.6667px; font-style: normal; font-variant-ligatures: normal; font-variant-caps: normal; font-weight: 400; letter-spacing: normal; orphans: 2; text-align: left; text-indent: 0px; text-transform: none; white-space: pre; widows: 2; word-spacing: 0px; -webkit-text-stroke-width: 0px; background-color: #ffffff; text-decoration-thickness: initial; text-decoration-style: initial; text-decoration-color: initial; display: inline !important; float: none;\">The database consists of 230 medical journals, access the full issue of journals from 2010-2021, can save the file and print the file ,output in HTML and PDF format for publication. Able to access unlimited number of users.</span>','2021-01-20 10:47:51','2021-01-20 10:47:51',1,NULL,NULL,1,'menu',NULL),(88,3,'Access Medicine:McGraw – Hill','Access Medicine:McGraw – Hill',NULL,'http://www.accessmedicine.com/features.aspx',NULL,NULL,'<span style=\"color: #444444; font-family: Calibri, sans-serif, \"Mongolian Baiti\", \"Microsoft Yi Baiti\", \"Javanese Text\", \"Yu Gothic\"; font-size: 14.6667px; font-style: normal; font-variant-ligatures: normal; font-variant-caps: normal; font-weight: 400; letter-spacing: normal; orphans: 2; text-align: left; text-indent: 0px; text-transform: none; white-space: pre; widows: 2; word-spacing: 0px; -webkit-text-stroke-width: 0px; background-color: #ffffff; text-decoration-thickness: initial; text-decoration-style: initial; text-decoration-color: initial; display: inline !important; float: none;\">ฐานข้อมูลหนังสืออิเล็กทรอนิกส์ มากกว่า 50 เล่ม ทั้งทางด้าน Basic Science และ Clinical Sciences นอกจากนี้ ในฐานข้อมูลยังมีข้อมูลอื่นๆที่น่าสนใจ เช่น Multimedia, คลังข้อสอบ USMLEasy Lite เพื่อใช้เตรียมตัวสอบ USMLE , คลังข้อมูลยา , Guidelines และ Case files สำหรับฝึกและใช้ความรู้ที่มีทางคลินิกอย่างถูกต้อง ทั้งการตั้งคำถาม การตอบ การสรุปใจความ และประเด็นสำคัญที่ต้องคำนึงถึงในการรักษาผู้ป่วย มีแอพลิเคชั่น สามารถใช้งานได้กับ Smart device</span>',8,1,1,NULL,'<span style=\"color: #444444; font-family: Calibri, sans-serif, \"Mongolian Baiti\", \"Microsoft Yi Baiti\", \"Javanese Text\", \"Yu Gothic\"; font-size: 14.6667px; font-style: normal; font-variant-ligatures: normal; font-variant-caps: normal; font-weight: 400; letter-spacing: normal; orphans: 2; text-align: left; text-indent: 0px; text-transform: none; white-space: pre; widows: 2; word-spacing: 0px; -webkit-text-stroke-width: 0px; background-color: #ffffff; text-decoration-thickness: initial; text-decoration-style: initial; text-decoration-color: initial; display: inline !important; float: none;\">Databases of e-books for Basic Science and Clinical Sciences for more than 50 clas. In addition, the databases include Multimedia, Repository, USMLEasy Lite, Medicinal Plant Information Center, Guidelines and Case files for training and accurate application of Clinic and including question and answer, conclusion and main points to be considered when curing patients.</span>','2021-01-20 10:48:32','2021-01-20 10:48:32',1,NULL,NULL,1,'menu',NULL),(89,3,'Annual Reviews ','Annual Reviews ',NULL,'https://www.annualreviews.org/',NULL,NULL,'<span style=\"color: #444444; font-family: Calibri, sans-serif, \"Mongolian Baiti\", \"Microsoft Yi Baiti\", \"Javanese Text\", \"Yu Gothic\"; font-size: 14.6667px; font-style: normal; font-variant-ligatures: normal; font-variant-caps: normal; font-weight: 400; letter-spacing: normal; orphans: 2; text-align: left; text-indent: 0px; text-transform: none; white-space: pre; widows: 2; word-spacing: 0px; -webkit-text-stroke-width: 0px; background-color: #ffffff; text-decoration-thickness: initial; text-decoration-style: initial; text-decoration-color: initial; display: inline !important; float: none;\">ฐานข้อมูลวารสารอิเล็กทรอนิกส์สหสาขาวิชา ของ Annual Reviews มีวารสารฉบับประมาณ 33 ชื่อ สามารถสืบค้นข้อมูล และใช้เอกสารฉบับเต็มของวารสาร ย้อนหลังได้ตั้งแต่ปี ค.ศ. 2016 - ปัจจุบัน</span>',9,1,1,NULL,'<span style=\"color: #444444; font-family: Calibri, sans-serif, \"Mongolian Baiti\", \"Microsoft Yi Baiti\", \"Javanese Text\", \"Yu Gothic\"; font-size: 14.6667px; font-style: normal; font-variant-ligatures: normal; font-variant-caps: normal; font-weight: 400; letter-spacing: normal; orphans: 2; text-align: left; text-indent: 0px; text-transform: none; white-space: pre; widows: 2; word-spacing: 0px; -webkit-text-stroke-width: 0px; background-color: #ffffff; text-decoration-thickness: initial; text-decoration-style: initial; text-decoration-color: initial; display: inline !important; float: none;\">Database for e-journal of multi-section/field consists of full text journals for 38 titles. The data base can be used for searching for data and being able to use full text of the journal from the first journal during 2016.</span>','2021-01-20 10:49:03','2021-01-20 10:49:03',1,NULL,NULL,1,'menu',NULL),(90,3,'Applied Science & Technology Source Ultimate','Applied Science & Technology Source Ultimate',NULL,'https://search.ebscohost.com/login.aspx?authtype=ip,uid&group=main&profile=ehost&defaultdb=aps',NULL,NULL,'<span style=\"color: #444444; font-family: Calibri, sans-serif, \"Mongolian Baiti\", \"Microsoft Yi Baiti\", \"Javanese Text\", \"Yu Gothic\"; font-size: 14.6667px; font-style: normal; font-variant-ligatures: normal; font-variant-caps: normal; font-weight: 400; letter-spacing: normal; orphans: 2; text-align: left; text-indent: 0px; text-transform: none; white-space: pre; widows: 2; word-spacing: 0px; -webkit-text-stroke-width: 0px; background-color: #ffffff; text-decoration-thickness: initial; text-decoration-style: initial; text-decoration-color: initial; display: inline !important; float: none;\">ฐานข้อมูลด้านคอมพิวเตอร์ เทคโนโลยี และวิทยาศาสตร์ประยุกต์ มีการเก็บรวบรวมข้อมูลความรู้ด้านวิศวกรรมและงานวิจัยที่เกี่ยวข้อง ครอบคลุมเนื้อหาตั้งแต่ปี 1909 จนถึงปัจจุบัน</span>',10,1,1,NULL,'<span style=\"color: #444444; font-family: Calibri, sans-serif, \"Mongolian Baiti\", \"Microsoft Yi Baiti\", \"Javanese Text\", \"Yu Gothic\"; font-size: 14.6667px; font-style: normal; font-variant-ligatures: normal; font-variant-caps: normal; font-weight: 400; letter-spacing: normal; orphans: 2; text-align: left; text-indent: 0px; text-transform: none; white-space: pre; widows: 2; word-spacing: 0px; -webkit-text-stroke-width: 0px; background-color: #ffffff; text-decoration-thickness: initial; text-decoration-style: initial; text-decoration-color: initial; display: inline !important; float: none;\">Database of computing, technology and applied science, collected information on engineering knowledge and related research covering content from 1909 to present.</span>','2021-01-20 10:49:40','2021-01-20 10:49:40',1,NULL,NULL,1,'menu',NULL);
/*!40000 ALTER TABLE `manage_menu` ENABLE KEYS */;
UNLOCK TABLES;

--
-- Table structure for table `manage_menu_module`
--

DROP TABLE IF EXISTS `manage_menu_module`;
/*!40101 SET @saved_cs_client     = @@character_set_client */;
/*!40101 SET character_set_client = utf8 */;
CREATE TABLE `manage_menu_module` (
  `module_id` int(11) NOT NULL AUTO_INCREMENT,
  `module_name` varchar(250) DEFAULT NULL,
  `url` text,
  `grp_name` varchar(250) DEFAULT NULL,
  PRIMARY KEY (`module_id`)
) ENGINE=InnoDB DEFAULT CHARSET=utf8;
/*!40101 SET character_set_client = @saved_cs_client */;

--
-- Dumping data for table `manage_menu_module`
--

LOCK TABLES `manage_menu_module` WRITE;
/*!40000 ALTER TABLE `manage_menu_module` DISABLE KEYS */;
/*!40000 ALTER TABLE `manage_menu_module` ENABLE KEYS */;
UNLOCK TABLES;

--
-- Table structure for table `manage_menu_top`
--

DROP TABLE IF EXISTS `manage_menu_top`;
/*!40101 SET @saved_cs_client     = @@character_set_client */;
/*!40101 SET character_set_client = utf8 */;
CREATE TABLE `manage_menu_top` (
  `menu_id` int(11) NOT NULL AUTO_INCREMENT,
  `parent_id` int(11) DEFAULT NULL,
  `menu_name` varchar(250) DEFAULT NULL,
  `menu_name_en` varchar(250) DEFAULT NULL,
  `menu_class` varchar(250) DEFAULT NULL,
  `menu_link` text,
  `menu_method` varchar(250) DEFAULT NULL,
  `menu_icon` varchar(0) DEFAULT NULL,
  `description` text,
  `menu_order` int(11) DEFAULT NULL,
  `type_menu` int(1) DEFAULT NULL,
  `show_status` int(1) DEFAULT NULL,
  `module_id` int(11) DEFAULT NULL,
  `description_en` text,
  `time_create` datetime DEFAULT NULL,
  `time_update` datetime DEFAULT NULL,
  `type_date_show` int(1) DEFAULT NULL,
  `date_show_start` datetime DEFAULT NULL,
  `date_show_end` datetime DEFAULT NULL,
  `usage_level` int(1) DEFAULT NULL,
  `type_menu_category` varchar(250) DEFAULT NULL,
  PRIMARY KEY (`menu_id`)
) ENGINE=InnoDB AUTO_INCREMENT=4 DEFAULT CHARSET=utf8;
/*!40101 SET character_set_client = @saved_cs_client */;

--
-- Dumping data for table `manage_menu_top`
--

LOCK TABLES `manage_menu_top` WRITE;
/*!40000 ALTER TABLE `manage_menu_top` DISABLE KEYS */;
INSERT INTO `manage_menu_top` VALUES (1,NULL,'บัญชีของฉัน','My Account',NULL,'',NULL,NULL,'',1,1,1,NULL,'','2021-01-16 13:53:20','2021-02-20 16:37:54',1,NULL,NULL,NULL,'menu_top'),(2,NULL,'ติดต่อเรา ','Contact',NULL,'',NULL,NULL,'<div style=\"box-sizing: border-box; margin: 0px 0px 20px; padding: 0px; color: #000000; font-family: AthitiLight; font-size: 18px; font-style: normal; font-variant-ligatures: normal; font-variant-caps: normal; letter-spacing: normal; orphans: 2; text-align: left; text-indent: 0px; text-transform: none; white-space: normal; widows: 2; word-spacing: 0px; -webkit-text-stroke-width: 0px; text-decoration-thickness: initial; text-decoration-style: initial; text-decoration-color: initial; outline: none; font-weight: 300;\">มหาวิทยาลัยเชียงใหม่<br style=\"box-sizing: border-box; margin: 0px; padding: 0px; outline: none;\" />239 ถนนห้วยแก้ว ต.สุเทพ อ.เมือง จ.เชียงใหม่ 50200<br style=\"box-sizing: border-box; margin: 0px; padding: 0px; outline: none;\" />โทรศัพท์ : +66 5394 1300<br style=\"box-sizing: border-box; margin: 0px; padding: 0px; outline: none;\" />โทรสาร : +66 5321 7143<br style=\"box-sizing: border-box; margin: 0px; padding: 0px; outline: none;\" />อีเมล : ccarc@cmu.ac.th</div>\r\n<div style=\"box-sizing: border-box; margin: 0px 0px 20px; padding: 0px; color: #000000; font-family: AthitiLight; font-size: 18px; font-style: normal; font-variant-ligatures: normal; font-variant-caps: normal; letter-spacing: normal; orphans: 2; text-align: left; text-indent: 0px; text-transform: none; white-space: normal; widows: 2; word-spacing: 0px; -webkit-text-stroke-width: 0px; text-decoration-thickness: initial; text-decoration-style: initial; text-decoration-color: initial; outline: none; font-weight: 300;\">ติดต่อ ศูนย์สื่อสารองค์กรและนักศึกษาเก่าสัมพันธ์<br style=\"box-sizing: border-box; margin: 0px; padding: 0px; outline: none;\" />โทรศัพท์ : +66 5394 3333, +66 5394 4444<br style=\"box-sizing: border-box; margin: 0px; padding: 0px; outline: none;\" />โทรสาร : +66 5394 4900<br style=\"box-sizing: border-box; margin: 0px; padding: 0px; outline: none;\" />อีเมล : ccarc@cmu.ac.th</div>',2,1,1,NULL,'','2021-01-16 13:53:39','2021-01-20 10:37:31',1,NULL,NULL,1,'menu_top'),(3,NULL,'ข้อเสนอแนะ','Suggestion',NULL,'',NULL,NULL,'',3,0,1,NULL,'','2021-01-16 13:54:18','2021-01-20 10:37:34',1,NULL,NULL,1,'menu_top');
/*!40000 ALTER TABLE `manage_menu_top` ENABLE KEYS */;
UNLOCK TABLES;

--
-- Table structure for table `manage_user_group`
--

DROP TABLE IF EXISTS `manage_user_group`;
/*!40101 SET @saved_cs_client     = @@character_set_client */;
/*!40101 SET character_set_client = utf8 */;
CREATE TABLE `manage_user_group` (
  `menu_id` int(11) NOT NULL,
  `grp_id` int(11) NOT NULL,
  `menu_type_catogory` varchar(250) NOT NULL,
  `user_id` int(11) DEFAULT NULL,
  PRIMARY KEY (`menu_id`,`grp_id`,`menu_type_catogory`)
) ENGINE=InnoDB DEFAULT CHARSET=utf8;
/*!40101 SET character_set_client = @saved_cs_client */;

--
-- Dumping data for table `manage_user_group`
--

LOCK TABLES `manage_user_group` WRITE;
/*!40000 ALTER TABLE `manage_user_group` DISABLE KEYS */;
/*!40000 ALTER TABLE `manage_user_group` ENABLE KEYS */;
UNLOCK TABLES;

--
-- Table structure for table `manage_user_group_top`
--

DROP TABLE IF EXISTS `manage_user_group_top`;
/*!40101 SET @saved_cs_client     = @@character_set_client */;
/*!40101 SET character_set_client = utf8 */;
CREATE TABLE `manage_user_group_top` (
  `menu_top_id` int(11) NOT NULL,
  `grp_id` varchar(250) NOT NULL,
  `user_id` int(11) DEFAULT NULL,
  PRIMARY KEY (`menu_top_id`)
) ENGINE=InnoDB DEFAULT CHARSET=utf8;
/*!40101 SET character_set_client = @saved_cs_client */;

--
-- Dumping data for table `manage_user_group_top`
--

LOCK TABLES `manage_user_group_top` WRITE;
/*!40000 ALTER TABLE `manage_user_group_top` DISABLE KEYS */;
INSERT INTO `manage_user_group_top` VALUES (1,'1|2|99',3);
/*!40000 ALTER TABLE `manage_user_group_top` ENABLE KEYS */;
UNLOCK TABLES;

--
-- Table structure for table `member`
--

DROP TABLE IF EXISTS `member`;
/*!40101 SET @saved_cs_client     = @@character_set_client */;
/*!40101 SET character_set_client = utf8 */;
CREATE TABLE `member` (
  `id` int(5) NOT NULL AUTO_INCREMENT,
  `username` varchar(50) DEFAULT NULL,
  `password` varchar(50) DEFAULT NULL,
  `prename` varchar(50) DEFAULT NULL,
  `fname` varchar(250) DEFAULT NULL,
  `lname` varchar(250) DEFAULT NULL,
  `grp_id` int(11) unsigned DEFAULT '99',
  `status` tinyint(3) unsigned DEFAULT '1',
  `email` varchar(250) DEFAULT NULL,
  `tel` varchar(250) DEFAULT NULL,
  `idcard` varchar(13) DEFAULT NULL,
  `sex` varchar(10) DEFAULT NULL,
  `affiliation` varchar(250) DEFAULT NULL,
  `position` varchar(250) DEFAULT NULL,
  `other` varchar(250) DEFAULT NULL,
  `education` varchar(250) DEFAULT NULL,
  `nationality` text,
  `time_regis` datetime DEFAULT NULL,
  PRIMARY KEY (`id`) USING BTREE
) ENGINE=InnoDB AUTO_INCREMENT=2 DEFAULT CHARSET=utf8;
/*!40101 SET character_set_client = @saved_cs_client */;

--
-- Dumping data for table `member`
--

LOCK TABLES `member` WRITE;
/*!40000 ALTER TABLE `member` DISABLE KEYS */;
INSERT INTO `member` VALUES (1,'admin','admin1234##','เจ้าหน้าที่','ผู้ดูแลระบบ','CMU',1,1,NULL,NULL,NULL,NULL,NULL,NULL,NULL,NULL,NULL,'2021-01-04 04:34:25');
/*!40000 ALTER TABLE `member` ENABLE KEYS */;
UNLOCK TABLES;

--
-- Table structure for table `news`
--

DROP TABLE IF EXISTS `news`;
/*!40101 SET @saved_cs_client     = @@character_set_client */;
/*!40101 SET character_set_client = utf8 */;
CREATE TABLE `news` (
  `news_id` int(11) NOT NULL AUTO_INCREMENT,
  `news_category` varchar(4) DEFAULT NULL,
  `news_title` varchar(255) DEFAULT NULL,
  `news_description` text,
  `news_title_en` varchar(255) DEFAULT NULL,
  `news_description_en` text,
  `news_path` varchar(255) DEFAULT NULL,
  `news_image` varchar(255) DEFAULT NULL,
  `news_date` datetime DEFAULT NULL,
  `show_status` int(1) DEFAULT NULL,
  `time_update` datetime DEFAULT NULL,
  `type_date_show` int(1) DEFAULT NULL,
  `date_show_start` datetime DEFAULT NULL,
  `date_show_end` datetime DEFAULT NULL,
  `s_order` int(11) DEFAULT NULL,
  PRIMARY KEY (`news_id`)
) ENGINE=InnoDB AUTO_INCREMENT=7 DEFAULT CHARSET=utf8;
/*!40101 SET character_set_client = @saved_cs_client */;

--
-- Dumping data for table `news`
--

LOCK TABLES `news` WRITE;
/*!40000 ALTER TABLE `news` DISABLE KEYS */;
INSERT INTO `news` VALUES (1,'1','รับสมัครบุคคลเพื่อคัดเลือกให้ดำรงตำแหน่งหัวหน้าฝ่ายโครงสร้างพื้นฐานเทคโนโลยีสารสนเทศ','<p style=\"box-sizing: border-box; outline: none; margin-top: 0px; margin-bottom: 1rem; color: #8d97ad; font-family: Montserrat, sans-serif; font-size: 16px; font-style: normal; font-variant-ligatures: normal; font-variant-caps: normal; font-weight: 300; letter-spacing: normal; orphans: 2; text-align: left; text-indent: 0px; text-transform: none; white-space: normal; widows: 2; word-spacing: 0px; -webkit-text-stroke-width: 0px; background-color: #ffffff; text-decoration-thickness: initial; text-decoration-style: initial; text-decoration-color: initial;\">รับสมัครบุคคลเพื่อคัดเลือกให้ดำรงตำแหน่งหัวหน้าฝ่ายโครงสร้างพื้นฐานเทคโนโลยีสารสนเทศ&nbsp;</p>\r\n<p style=\"box-sizing: border-box; outline: none; margin-top: 0px; margin-bottom: 1rem; color: #8d97ad; font-family: Montserrat, sans-serif; font-size: 16px; font-style: normal; font-variant-ligatures: normal; font-variant-caps: normal; font-weight: 300; letter-spacing: normal; orphans: 2; text-align: left; text-indent: 0px; text-transform: none; white-space: normal; widows: 2; word-spacing: 0px; -webkit-text-stroke-width: 0px; background-color: #ffffff; text-decoration-thickness: initial; text-decoration-style: initial; text-decoration-color: initial;\">ผู้ที่ประสงค์จะสมัครเข้ารับการคัดเลือกสามารถ download ใบสมัครได้ที่ http://itsc.cmu.ac.th และยื่นใบสมัครได้ที่งานบริหารทั่วไป (งานบุคคล)<br style=\"box-sizing: border-box; outline: none;\" /><span style=\"box-sizing: border-box; outline: none; font-size: 1rem;\">ตั้งแต่บัดนี้เป็นต้นไปจนถึงวันที่ 30 ธันวาคม 2563 ในวันและเวลาราชการ</span></p>\r\n<p style=\"box-sizing: border-box; outline: none; margin-top: 0px; margin-bottom: 1rem; color: #8d97ad; font-family: Montserrat, sans-serif; font-size: 16px; font-style: normal; font-variant-ligatures: normal; font-variant-caps: normal; font-weight: 300; letter-spacing: normal; orphans: 2; text-align: left; text-indent: 0px; text-transform: none; white-space: normal; widows: 2; word-spacing: 0px; -webkit-text-stroke-width: 0px; background-color: #ffffff; text-decoration-thickness: initial; text-decoration-style: initial; text-decoration-color: initial;\">ติดต่อสอบถามเพิ่มเติม 053-943806</p>','','','file_upload/news/','d3a17917cacf21e0fabb0da6002caa9e.jpg','2021-01-16 14:50:27',1,'2021-02-01 11:41:08',1,NULL,NULL,NULL),(2,'1','รายชื่อผู้มีสิทธิ์เข้ารับการสอบคัดเลือกเข้าเป็นพนักงานมหาวิทยาลัย สายปฏิบัติการ ตำแหน่งพนักงานปฏิบัติงาน','<p><span style=\"color: #8d97ad; font-family: Montserrat, sans-serif; font-size: 16px; font-style: normal; font-variant-ligatures: normal; font-variant-caps: normal; font-weight: 300; letter-spacing: normal; orphans: 2; text-align: left; text-indent: 0px; text-transform: none; white-space: normal; widows: 2; word-spacing: 0px; -webkit-text-stroke-width: 0px; background-color: #ffffff; text-decoration-thickness: initial; text-decoration-style: initial; text-decoration-color: initial; display: inline !important; float: none;\">รายชื่อผู้มีสิทธิ์เข้ารับการสอบคัดเลือกเข้าเป็นพนักงานมหาวิทยาลัย สายปฏิบัติการ ตำแหน่งพนักงานปฏิบัติงาน ด้านประสานงานธุรการเกี่ยวกับพัสดุ บุคคล สารบรรณ สังกัดศูนย์นวัตกรรมการสอนและการเรียนรู้</span></p>\r\n<p><span style=\"color: #8d97ad; font-family: Montserrat, sans-serif; font-size: 16px; font-style: normal; font-variant-ligatures: normal; font-variant-caps: normal; font-weight: 300; letter-spacing: normal; orphans: 2; text-align: left; text-indent: 0px; text-transform: none; white-space: normal; widows: 2; word-spacing: 0px; -webkit-text-stroke-width: 0px; background-color: #ffffff; text-decoration-thickness: initial; text-decoration-style: initial; text-decoration-color: initial; display: inline !important; float: none;\"></span></p>\r\n<p><span style=\"color: #8d97ad; font-family: Montserrat, sans-serif; font-size: 16px; font-style: normal; font-variant-ligatures: normal; font-variant-caps: normal; font-weight: 300; letter-spacing: normal; orphans: 2; text-align: left; text-indent: 0px; text-transform: none; white-space: normal; widows: 2; word-spacing: 0px; -webkit-text-stroke-width: 0px; background-color: #ffffff; text-decoration-thickness: initial; text-decoration-style: initial; text-decoration-color: initial; display: inline !important; float: none;\"></span></p>\r\n<p><span style=\"color: #8d97ad; font-family: Montserrat, sans-serif; font-size: 14pt; font-style: normal; font-variant-ligatures: normal; font-variant-caps: normal; font-weight: 300; letter-spacing: normal; orphans: 2; text-align: left; text-indent: 0px; text-transform: none; white-space: normal; widows: 2; word-spacing: 0px; -webkit-text-stroke-width: 0px; background-color: #ffffff; text-decoration-thickness: initial; text-decoration-style: initial; text-decoration-color: initial; float: none; display: inline !important;\">รายชื่อผู้มีสิทธิ์เข้ารับการสอบคัดเลือกเข้าเป็นพนักงานมหาวิทยาลัย สายปฏิบัติการ ตำแหน่งพนักงานปฏิบัติงาน ด้านประสานงานธุรการเกี่ยวกับพัสดุ บุคคล สารบรรณ สังกัดศูนย์นวัตกรรมการสอนและการเรียนรู้</span></p>','','','file_upload/news/','c0b2723c9c67d053f6e625df9f5752d8.png','2021-01-16 14:51:33',1,'2021-02-20 11:52:24',1,NULL,NULL,NULL),(3,'1','ประกาศรายชื่อผู้มีสิทธิ์สอบสัมภาษณ์เพื่อคัดเลือกเป็นพนักงานมหาวิทยาลัย ตำแหน่งนักวิชาการคอมพิวเตอร์','<span style=\"color: #8d97ad; font-family: Montserrat, sans-serif; font-size: 16px; font-style: normal; font-variant-ligatures: normal; font-variant-caps: normal; font-weight: 300; letter-spacing: normal; orphans: 2; text-align: left; text-indent: 0px; text-transform: none; white-space: normal; widows: 2; word-spacing: 0px; -webkit-text-stroke-width: 0px; background-color: #ffffff; text-decoration-thickness: initial; text-decoration-style: initial; text-decoration-color: initial; display: inline !important; float: none;\">ประกาศรายชื่อผู้มีสิทธิ์สอบสัมภาษณ์เพื่อคัดเลือกเป็นพนักงานมหาวิทยาลัย ตำแหน่งนักวิชาการคอมพิวเตอร์ สังกัดฝ่ายพัฒนาระบบสารสนเทศ ตำแหน่ง EP020004</span>',NULL,'','file_upload/news/','91f59f536fe6a1ee17eb53ca1ae0ece3.jpg','2021-01-16 14:52:39',1,'2021-01-16 15:08:43',1,NULL,NULL,NULL),(5,'2','ประกาศจ้างซื้อชุดอุปกรณ์บันทึกสื่อ CMU EZ Studio และชุดควบคุมการประชุมทางไกล CMU EZ Conference ระยะที่ 2 (ครั้งที่ 2) ด้วยวิธีประกวดราคาอิเล็กทรอนิกส์ (e-bidding)','<span style=\"color: #8d97ad; font-family: Montserrat, sans-serif; font-size: 16px; font-style: normal; font-variant-ligatures: normal; font-variant-caps: normal; font-weight: 300; letter-spacing: normal; orphans: 2; text-align: left; text-indent: 0px; text-transform: none; white-space: normal; widows: 2; word-spacing: 0px; -webkit-text-stroke-width: 0px; background-color: #ffffff; text-decoration-thickness: initial; text-decoration-style: initial; text-decoration-color: initial; display: inline !important; float: none;\">ประกาศจ้างซื้อชุดอุปกรณ์บันทึกสื่อ CMU EZ Studio และชุดควบคุมการประชุมทางไกล CMU EZ Conference ระยะที่ 2 (ครั้งที่ 2) ด้วยวิธีประกวดราคาอิเล็กทรอนิกส์ (e-bidding)</span>',NULL,'','file_upload/news/','e03213b80f34c579d278c0fa5234babb.jpg','2021-01-16 14:55:00',1,'2021-01-16 15:37:40',1,NULL,NULL,NULL),(6,'2','ประกาศร่าง TOR ซื้อชุดอุปกรณ์บันทึกสื่อ CMU EZ Studio และชุดควบคุมการประชุมทางไกล CMU EZ Conference ระยะที่ 2 (ครั้งที่ 2) ด้วยวิธีประกวดราคาอิเล็กทรอนิกส์ (e-bidding)','&nbsp;ประกาศร่าง TOR ซื้อชุดอุปกรณ์บันทึกสื่อCMU EZ Studio และชุดควบคุมการประชุมทางไกล CMU EZ Conference ระยะที่ 2 (ครั้งที่ 2) ด้วยวิธีประกวดราคาอิเล็กทรอนิกส์ (e-bidding)',NULL,'','file_upload/news/','673c47fa173b9ec2c8904f9884c1e9de.jpg','2021-01-16 14:56:28',1,'2021-01-20 16:14:46',1,NULL,NULL,NULL);
/*!40000 ALTER TABLE `news` ENABLE KEYS */;
UNLOCK TABLES;

--
-- Table structure for table `news_doc`
--

DROP TABLE IF EXISTS `news_doc`;
/*!40101 SET @saved_cs_client     = @@character_set_client */;
/*!40101 SET character_set_client = utf8 */;
CREATE TABLE `news_doc` (
  `doc_id` int(11) unsigned NOT NULL AUTO_INCREMENT,
  `news_id` int(11) unsigned DEFAULT NULL,
  `user_upload` int(11) unsigned DEFAULT NULL,
  `ext` varchar(50) DEFAULT NULL,
  `file_path` varchar(255) DEFAULT NULL,
  `file_name` text,
  `file_name_original` varchar(255) DEFAULT NULL,
  `time_upload` datetime DEFAULT NULL,
  PRIMARY KEY (`doc_id`)
) ENGINE=InnoDB AUTO_INCREMENT=2 DEFAULT CHARSET=utf8;
/*!40101 SET character_set_client = @saved_cs_client */;

--
-- Dumping data for table `news_doc`
--

LOCK TABLES `news_doc` WRITE;
/*!40000 ALTER TABLE `news_doc` DISABLE KEYS */;
INSERT INTO `news_doc` VALUES (1,2,3,'pdf','./file_upload/','caa916fc.pdf','ประกาศผู้มีสิทธิ์สอบสัมภาษณ์__EP020010--.pdf','2021-01-16 14:51:20');
/*!40000 ALTER TABLE `news_doc` ENABLE KEYS */;
UNLOCK TABLES;

--
-- Table structure for table `recommend_e_resources`
--

DROP TABLE IF EXISTS `recommend_e_resources`;
/*!40101 SET @saved_cs_client     = @@character_set_client */;
/*!40101 SET character_set_client = utf8 */;
CREATE TABLE `recommend_e_resources` (
  `rs_id` int(11) NOT NULL AUTO_INCREMENT,
  `rs_title` varchar(255) DEFAULT NULL,
  `rs_title_en` varchar(255) DEFAULT NULL,
  `rs_link` text,
  `rs_path` varchar(255) DEFAULT NULL,
  `rs_image` varchar(255) DEFAULT NULL,
  `rs_date` datetime DEFAULT NULL,
  `show_status` int(1) DEFAULT NULL,
  `time_update` datetime DEFAULT NULL,
  PRIMARY KEY (`rs_id`)
) ENGINE=InnoDB DEFAULT CHARSET=utf8;
/*!40101 SET character_set_client = @saved_cs_client */;

--
-- Dumping data for table `recommend_e_resources`
--

LOCK TABLES `recommend_e_resources` WRITE;
/*!40000 ALTER TABLE `recommend_e_resources` DISABLE KEYS */;
/*!40000 ALTER TABLE `recommend_e_resources` ENABLE KEYS */;
UNLOCK TABLES;

--
-- Table structure for table `um_app_group`
--

DROP TABLE IF EXISTS `um_app_group`;
/*!40101 SET @saved_cs_client     = @@character_set_client */;
/*!40101 SET character_set_client = utf8 */;
CREATE TABLE `um_app_group` (
  `grp_id` int(11) unsigned NOT NULL AUTO_INCREMENT,
  `grp_name` varchar(250) DEFAULT NULL,
  PRIMARY KEY (`grp_id`) USING BTREE
) ENGINE=MyISAM AUTO_INCREMENT=3 DEFAULT CHARSET=utf8;
/*!40101 SET character_set_client = @saved_cs_client */;

--
-- Dumping data for table `um_app_group`
--

LOCK TABLES `um_app_group` WRITE;
/*!40000 ALTER TABLE `um_app_group` DISABLE KEYS */;
INSERT INTO `um_app_group` VALUES (2,'บริหารจัดการผู้ดูแลระบบเว็บไซต์'),(1,'บริหารจัดการเว็บไซต์');
/*!40000 ALTER TABLE `um_app_group` ENABLE KEYS */;
UNLOCK TABLES;

--
-- Table structure for table `um_app_info`
--

DROP TABLE IF EXISTS `um_app_info`;
/*!40101 SET @saved_cs_client     = @@character_set_client */;
/*!40101 SET character_set_client = utf8 */;
CREATE TABLE `um_app_info` (
  `app_id` int(11) unsigned NOT NULL AUTO_INCREMENT,
  `grp_id` int(11) unsigned DEFAULT '1',
  `app_name` varchar(250) DEFAULT NULL,
  `parent_id` int(11) unsigned DEFAULT '0',
  `module` varchar(250) DEFAULT NULL,
  `class` varchar(250) DEFAULT NULL,
  `method` varchar(250) DEFAULT NULL,
  `param` varchar(250) DEFAULT NULL,
  `icon` varchar(250) DEFAULT NULL,
  `menu_order` int(11) unsigned DEFAULT '1',
  `show_menu` tinyint(2) unsigned DEFAULT '1',
  PRIMARY KEY (`app_id`),
  KEY `grp_id` (`grp_id`),
  CONSTRAINT `um_app_info_ibfk_1` FOREIGN KEY (`grp_id`) REFERENCES `user_group` (`grp_id`)
) ENGINE=InnoDB AUTO_INCREMENT=17 DEFAULT CHARSET=utf8;
/*!40101 SET character_set_client = @saved_cs_client */;

--
-- Dumping data for table `um_app_info`
--

LOCK TABLES `um_app_info` WRITE;
/*!40000 ALTER TABLE `um_app_info` DISABLE KEYS */;
INSERT INTO `um_app_info` VALUES (1,2,'จัดการเจ้าหน้าที่',0,NULL,NULL,NULL,NULL,'dw-user',2,1),(2,2,'จัดการข้อมูลกลุ่มเจ้าหน้าที่',1,'management','ManageUserGroup',NULL,NULL,NULL,1,1),(3,2,'จัดการข้อมูลเจ้าหน้าที่',1,'management','ManageUser',NULL,NULL,NULL,2,1),(4,1,'จัดการปฏิทิน Online',0,NULL,NULL,NULL,NULL,'dw-calendar-11',3,1),(5,1,'จัดการ Banner',0,'management','ManageBanner',NULL,NULL,'dw-image',2,1),(6,1,'จัดการเมนู',0,'management','ManageMenu',NULL,NULL,'dw-menu',4,1),(7,1,'จัดการข่าว',0,NULL,NULL,NULL,NULL,'dw-newspaper-1',1,1),(8,1,'จัดการข้อมูลข่าว',7,'management','News',NULL,NULL,NULL,1,1),(9,1,'จัดการข้อมูลหมวดหมู่ข่าว',7,'management','CategoryNews',NULL,NULL,NULL,2,1),(10,2,'รายงานผู้ใช้งานระบบ',14,'management','ReportAction',NULL,NULL,'',2,1),(11,1,'จัดการข้อมูลปฏิทิน Online',4,'management','Calendar',NULL,NULL,NULL,1,1),(12,1,'จัดการข้อมูลหมวดหมู่ปฏิทิน Online',4,'management','CalendarGroup',NULL,NULL,NULL,2,1),(13,1,'รายงานสถิติผู้เข้าชมเว็บไซต์',14,'management','ReportVisitor',NULL,NULL,NULL,1,1),(14,2,'รายงานและสถิติ',0,NULL,NULL,NULL,NULL,'dw-analytics-22',1,1),(15,2,'สำรองข้อมูลเว็บไซต์',0,'management','BackUp',NULL,NULL,'dw-outbox1',3,1),(16,1,'จัดการเมนูด้านบน',0,'management','ManageMenuTop',NULL,NULL,'dw-menu',5,1);
/*!40000 ALTER TABLE `um_app_info` ENABLE KEYS */;
UNLOCK TABLES;

--
-- Table structure for table `um_app_priv`
--

DROP TABLE IF EXISTS `um_app_priv`;
/*!40101 SET @saved_cs_client     = @@character_set_client */;
/*!40101 SET character_set_client = utf8 */;
CREATE TABLE `um_app_priv` (
  `usys_id` int(11) unsigned NOT NULL,
  `app_id` int(11) unsigned NOT NULL,
  PRIMARY KEY (`usys_id`,`app_id`)
) ENGINE=InnoDB DEFAULT CHARSET=utf8;
/*!40101 SET character_set_client = @saved_cs_client */;

--
-- Dumping data for table `um_app_priv`
--

LOCK TABLES `um_app_priv` WRITE;
/*!40000 ALTER TABLE `um_app_priv` DISABLE KEYS */;
INSERT INTO `um_app_priv` VALUES (3,2),(4,2),(4,4),(4,5),(4,6);
/*!40000 ALTER TABLE `um_app_priv` ENABLE KEYS */;
UNLOCK TABLES;

--
-- Table structure for table `um_app_priv_group`
--

DROP TABLE IF EXISTS `um_app_priv_group`;
/*!40101 SET @saved_cs_client     = @@character_set_client */;
/*!40101 SET character_set_client = utf8 */;
CREATE TABLE `um_app_priv_group` (
  `usys_id` int(11) unsigned NOT NULL,
  `app_id` int(11) unsigned NOT NULL,
  PRIMARY KEY (`usys_id`,`app_id`)
) ENGINE=InnoDB DEFAULT CHARSET=utf8;
/*!40101 SET character_set_client = @saved_cs_client */;

--
-- Dumping data for table `um_app_priv_group`
--

LOCK TABLES `um_app_priv_group` WRITE;
/*!40000 ALTER TABLE `um_app_priv_group` DISABLE KEYS */;
INSERT INTO `um_app_priv_group` VALUES (1,2),(1,3),(1,5),(1,6),(1,8),(1,9),(1,10),(1,11),(1,12),(1,13),(1,15),(1,16);
/*!40000 ALTER TABLE `um_app_priv_group` ENABLE KEYS */;
UNLOCK TABLES;

--
-- Table structure for table `user_group`
--

DROP TABLE IF EXISTS `user_group`;
/*!40101 SET @saved_cs_client     = @@character_set_client */;
/*!40101 SET character_set_client = utf8 */;
CREATE TABLE `user_group` (
  `grp_id` int(11) unsigned NOT NULL AUTO_INCREMENT,
  `grp_name` varchar(200) DEFAULT NULL,
  PRIMARY KEY (`grp_id`) USING BTREE
) ENGINE=InnoDB AUTO_INCREMENT=101 DEFAULT CHARSET=utf8;
/*!40101 SET character_set_client = @saved_cs_client */;

--
-- Dumping data for table `user_group`
--

LOCK TABLES `user_group` WRITE;
/*!40000 ALTER TABLE `user_group` DISABLE KEYS */;
INSERT INTO `user_group` VALUES (1,'ผู้ดูแลระบบ'),(2,'เจ้าหน้าที่'),(100,'1111');
/*!40000 ALTER TABLE `user_group` ENABLE KEYS */;
UNLOCK TABLES;

--
-- Table structure for table `users`
--

DROP TABLE IF EXISTS `users`;
/*!40101 SET @saved_cs_client     = @@character_set_client */;
/*!40101 SET character_set_client = utf8 */;
CREATE TABLE `users` (
  `id` int(11) NOT NULL AUTO_INCREMENT,
  `username` varchar(250) DEFAULT NULL,
  `password` varchar(250) DEFAULT NULL,
  `prename` varchar(250) DEFAULT NULL,
  `fname` varchar(250) DEFAULT NULL,
  `lname` varchar(250) DEFAULT NULL,
  `grp_id` int(11) unsigned DEFAULT '99',
  `status` int(1) unsigned DEFAULT '1',
  `email` varchar(250) DEFAULT NULL,
  `tel` varchar(250) DEFAULT NULL,
  `idcard` varchar(13) DEFAULT NULL,
  `sex` varchar(10) DEFAULT NULL,
  `affiliation` varchar(250) DEFAULT NULL,
  `position` varchar(250) DEFAULT NULL,
  `other` varchar(250) DEFAULT NULL,
  `education` varchar(250) DEFAULT NULL,
  `nationality` text,
  `time_create` datetime DEFAULT NULL,
  PRIMARY KEY (`id`) USING BTREE
) ENGINE=InnoDB AUTO_INCREMENT=4 DEFAULT CHARSET=utf8;
/*!40101 SET character_set_client = @saved_cs_client */;

--
-- Dumping data for table `users`
--

LOCK TABLES `users` WRITE;
/*!40000 ALTER TABLE `users` DISABLE KEYS */;
INSERT INTO `users` VALUES (3,'admin','admin1234##','เจ้าหน้าที่','ผู้ดูแลระบบ','CMU',1,1,'','','','1',NULL,'',NULL,NULL,NULL,NULL);
/*!40000 ALTER TABLE `users` ENABLE KEYS */;
UNLOCK TABLES;
/*!40103 SET TIME_ZONE=@OLD_TIME_ZONE */;

/*!40101 SET SQL_MODE=@OLD_SQL_MODE */;
/*!40014 SET FOREIGN_KEY_CHECKS=@OLD_FOREIGN_KEY_CHECKS */;
/*!40014 SET UNIQUE_CHECKS=@OLD_UNIQUE_CHECKS */;
/*!40101 SET CHARACTER_SET_CLIENT=@OLD_CHARACTER_SET_CLIENT */;
/*!40101 SET CHARACTER_SET_RESULTS=@OLD_CHARACTER_SET_RESULTS */;
/*!40101 SET COLLATION_CONNECTION=@OLD_COLLATION_CONNECTION */;
/*!40111 SET SQL_NOTES=@OLD_SQL_NOTES */;

-- Dump completed on 2021-03-08  4:51:47
